synset,word,pos,freq
1,adept,ADJ,21805
1,expert,ADJ,54161
1,proficient,ADJ,20916
1,skillful,ADJ,13464
1,skilled,ADJ,132939
2,allegiance,NOUN,32901
2,loyalty,NOUN,100895
3,annoy,VERB,21493
3,rag,VERB,975
3,irritate,VERB,9706
4,approachable,ADJ,17753
4,reachable,ADJ,6076
5,bloom,VERB,10936
5,blossom,VERB,6731
5,flower,VERB,6942
6,celestial,ADJ,30965
6,heavenly,ADJ,54535
7,close,VERB,406878
7,shut,VERB,252458
8,companion,NOUN,88966
8,fellow,NOUN,103037
9,companionship,NOUN,14324
9,fellowship,NOUN,63165
10,tie,VERB,70400
10,connect,VERB,262844
10,link,VERB,144509
11,credible,ADJ,83996
11,believable,ADJ,28899
12,disgraceful,ADJ,19075
12,scandalous,ADJ,14231
12,shameful,ADJ,29307
13,endless,ADJ,134885
13,eternal,ADJ,128460
13,infinite,ADJ,89855
13,everlasting,ADJ,25477
14,firm,ADJ,35493
14,steady,ADJ,135166
14,stiff,ADJ,59579
14,unwavering,ADJ,0
14,rigid,ADJ,64661
15,gleeful,ADJ,3870
15,joyful,ADJ,24389
16,grateful,ADJ,194329
16,thankful,ADJ,53275
17,jolly,ADJ,17618
17,jovial,ADJ,5134
17,merry,ADJ,23339
18,mailman,NOUN,1807
18,postman,NOUN,8757
19,narration,NOUN,23177
19,tale,NOUN,173070
19,story,NOUN,2133567
20,noon,NOUN,74000
20,midday,NOUN,22636
21,pulse,NOUN,63366
21,heartbeat,NOUN,20556
22,regenerate,VERB,13827
22,renew,VERB,50316
22,resume,VERB,46073
23,sabotage,VERB,9060
23,undermine,VERB,76030
24,satisfy,VERB,127973
24,fulfill,VERB,73484
25,stomach,NOUN,137291
25,belly,NOUN,60078
26,undesirable,ADJ,30345
26,unwanted,ADJ,72204
27,ungrateful,ADJ,8148
27,thankless,ADJ,4842
28,vibration,NOUN,43575
28,quiver,NOUN,4955
29,weary,ADJ,36089
29,fatigue,ADJ,0
30,angry,ADJ,227269
30,mad,ADJ,157305
30,furious,ADJ,44731
31,answer,NOUN,773039
31,reply,NOUN,225923
32,ask,VERB,1512513
32,request,VERB,132205
33,awful,ADJ,187242
33,terrible,ADJ,276852
34,begin,VERB,732725
34,start,VERB,1629029
34,commence,VERB,64140
35,bent,ADJ,14811
35,curved,ADJ,0
36,bewitching,ADJ,0
36,enchanting,ADJ,13540
37,big,ADJ,2371853
37,large,ADJ,2571058
38,blank,NOUN,21087
38,void,NOUN,52814
39,bold,ADJ,122479
39,brave,ADJ,111584
40,chiefly,ADV,39149
40,mainly,ADV,409612
41,choose,VERB,866860
41,pick,VERB,517489
41,select,VERB,260758
42,clean,ADJ,505729
42,neat,ADJ,94805
43,crazy,ADJ,242888
43,insane,ADJ,70142
44,dumb,ADJ,80161
44,stupid,ADJ,293776
45,eager,VERB,0
45,keen,VERB,3537
46,end,VERB,648626
46,finish,VERB,277330
47,fast,ADJ,317233
47,quick,ADJ,597481
47,rapid,ADJ,214631
48,fear,NOUN,488390
48,fright,NOUN,12591
48,terror,NOUN,146138
48,horror,NOUN,185215
49,forsake,VERB,8827
49,abandon,VERB,84429
50,friendly,ADJ,503893
50,amiable,ADJ,9885
51,full,ADJ,2501178
51,complete,ADJ,871878
52,funny,ADJ,359678
52,amusing,ADJ,68412
53,glimpse,NOUN,64628
53,glance,NOUN,79240
54,goal,NOUN,798630
54,aim,NOUN,322686
55,guarantee,VERB,133365
55,assure,VERB,99147
56,hard,ADJ,1762860
56,difficult,ADJ,1421351
57,harm,VERB,70972
57,damage,VERB,68428
58,hate,VERB,305606
58,despise,VERB,23149
59,help,VERB,3609783
59,aid,VERB,83481
59,assist,VERB,308516
60,hide,VERB,182966
60,conceal,VERB,32599
61,huge,ADJ,1028662
61,enormous,ADJ,229626
62,keep,VERB,2599347
62,maintain,VERB,537973
63,kind,ADJ,65789
63,gracious,ADJ,31880
64,leave,VERB,1223040
64,depart,VERB,40182
65,loudly,ADV,45460
65,noisily,ADV,3970
66,mistake,NOUN,286588
66,error,NOUN,425435
67,old,ADJ,3041906
67,ancient,ADJ,439893
68,queer,ADJ,23496
68,weird,ADJ,174749
68,bizarre,ADJ,98810
68,peculiar,ADJ,71272
69,reach,VERB,625287
69,arrive,VERB,242352
70,remove,VERB,501365
70,detach,VERB,7937
71,seek,VERB,499504
71,search,VERB,182093
72,show,VERB,1559042
72,display,VERB,184506
73,soundless,ADJ,1045
73,mute,ADJ,12438
74,trustworthy,ADJ,30434
74,reliable,ADJ,270266
75,trusty,ADJ,13535
75,loyal,ADJ,96767
76,ugly,ADJ,117092
76,hideous,ADJ,23921
77,unbelievable,ADJ,47432
77,incredible,ADJ,224429
78,whole,ADJ,1776363
78,entire,ADJ,958547
79,wonderful,ADJ,654442
79,great,ADJ,4840209
79,excellent,ADJ,1002217
79,fantastic,ADJ,459446
80,worry,VERB,337040
80,concern,VERB,25385
81,worship,VERB,52014
81,admire,VERB,75396
82,wreck,VERB,10140
82,destroy,VERB,229394
82,demolish,VERB,14575
83,wrong,ADJ,1389550
83,untrue,ADJ,27958
83,FALSE,ADJ,2048
83,incorrect,ADJ,101901
84,find,VERB,4530355
84,discover,VERB,290095
85,forbid,VERB,32879
85,ban,VERB,64199
85,prohibit,VERB,40653
86,forgive,VERB,84544
86,pardon,VERB,12957
87,former,ADJ,1136352
87,previous,ADJ,1056217
88,freedom,NOUN,607713
88,liberty,NOUN,141705
89,fun,NOUN,998567
89,enjoyment,NOUN,89241
90,gain,VERB,367773
90,obtain,VERB,339027
90,acquire,VERB,134247
91,gallant,ADJ,12409
91,chivalrous,ADJ,2389
92,garbage,NOUN,73158
92,trash,NOUN,63502
92,rubbish,NOUN,75845
93,gather,VERB,160431
93,collect,VERB,244802
94,hat,NOUN,151542
94,cap,NOUN,141190
95,own,VERB,286218
95,possess,VERB,124752
96,last,ADJ,4926384
96,final,ADJ,1244394
96,ultimate,ADJ,238285
97,learn,VERB,1262396
97,study,VERB,295580
98,lucky,ADJ,301629
98,fortunate,ADJ,109384
99,hardship,NOUN,44216
99,suffering,NOUN,179029
99,misery,NOUN,67207
99,distress,NOUN,84515
100,happen,VERB,971294
100,occur,VERB,418905
101,shove,VERB,18425
101,push,VERB,280607
102,lift,NOUN,101163
102,elevator,NOUN,43068
103,regret,VERB,68038
103,remorse,VERB,0
104,remark,NOUN,51220
104,comment,NOUN,554557
105,rug,NOUN,26251
105,carpet,NOUN,95901
106,shop,NOUN,561140
106,store,NOUN,566271
107,split,VERB,168664
107,divide,VERB,68601
108,try,VERB,2013906
108,attempt,VERB,183223
109,restless,ADJ,26007
109,nervous,ADJ,167261
110,unlawful,ADJ,58012
110,illegal,ADJ,368149
111,worth,NOUN,264815
111,value,NOUN,1742890
112,weak,ADJ,281392
112,feeble,ADJ,22950
113,win,NOUN,241794
113,triumph,NOUN,64711
113,victory,NOUN,332566
114,writer,NOUN,457735
114,author,NOUN,756244
115,yearly,ADJ,49200
115,annual,ADJ,636777
116,strong,ADJ,1362228
116,powerful,ADJ,662508
117,shipment,NOUN,27012
117,delivery,NOUN,472822
118,breakable,ADJ,1505
118,fragile,ADJ,66438
119,fake,ADJ,105678
119,artificial,ADJ,130947
120,short,ADJ,1529268
120,brief,ADJ,299303
121,helpful,ADJ,478640
121,beneficial,ADJ,158493
122,busy,VERB,5657
122,occupy,VERB,70636
123,buy,VERB,1259466
123,purchase,VERB,245321
124,idle,ADJ,55856
124,inactive,ADJ,25487
125,enough,ADJ,1058904
125,sufficient,ADJ,386096
126,thoughtful,ADJ,80982
126,considerate,ADJ,14911
127,mourn,VERB,18440
127,grieve,VERB,13233
128,legible,ADJ,10293
128,readable,ADJ,40824
129,evil,ADJ,278648
129,malicious,ADJ,46587
130,warlike,ADJ,6519
130,militant,ADJ,41844
131,boring,ADJ,115338
131,tedious,ADJ,41693
131,uninteresting,ADJ,5025
131,dull,ADJ,89458
132,sight,NOUN,319069
132,vision,NOUN,467582
133,smell,NOUN,112498
133,odour,NOUN,13083
133,scent,NOUN,41942
134,meadow,NOUN,23317
134,pasture,NOUN,30092
135,deadly,ADJ,94991
135,mortal,ADJ,36971
136,tired,ADJ,173312
136,exhausted,ADJ,0
137,chat,NOUN,143105
137,conversation,NOUN,402682
137,discussion,NOUN,832299
138,leader,NOUN,599299
138,chief,NOUN,86782
139,understand,VERB,1828005
139,comprehend,VERB,46299
140,hurdle,NOUN,25297
140,obstacle,NOUN,52896
141,often,ADV,2874347
141,frequently,ADV,388190
142,flawless,ADJ,19951
142,perfect,ADJ,896617
143,flaw,NOUN,44016
143,defect,NOUN,39494
144,unbounded,ADJ,5882
144,unlimited,ADJ,85886
145,early,ADJ,1846504
145,premature,ADJ,48958
146,likely,ADV,401299
146,probable,ADV,0
147,hopeful,ADJ,59160
147,optimistic,ADJ,81456
148,outstanding,ADJ,303430
148,extraordinary,ADJ,198683
149,lessen,VERB,26235
149,reduce,VERB,749494
150,unwilling,ADJ,57672
150,reluctant,ADJ,89969
151,withstand,VERB,39806
151,resist,VERB,126408
152,withdraw,VERB,88897
152,retreat,VERB,20060
153,same,ADJ,5728991
153,identical,ADJ,168033
154,meaningful,ADJ,175589
154,significant,ADJ,1164637
155,steady,ADJ,135166
155,stable,ADJ,222734
156,shake,VERB,79449
156,quiver,VERB,1389
156,quake,VERB,310
156,vibrate,VERB,9389
156,tremble,VERB,6743
157,peak,NOUN,159427
157,top,NOUN,990383
157,apex,NOUN,16961
157,pinnacle,NOUN,15294
157,summit,NOUN,119072
158,mug,VERB,1825
158,rob,VERB,27411
159,sealed,ADJ,26595
159,impermeable,ADJ,2911
160,barely,ADV,195259
160,hardly,ADV,341062
160,scarcely,ADV,47406
161,childish,ADJ,29465
161,juvenile,ADJ,49086
161,immature,ADJ,28016
161,infantile,ADJ,8248
162,thread,NOUN,408550
162,string,NOUN,252206
162,cord,NOUN,68582
163,outline,NOUN,79207
163,contour,NOUN,13912
164,mislead,VERB,19695
164,deceive,VERB,25010
165,ache,NOUN,13207
165,pain,NOUN,711284
166,enlighten,ADJ,0
166,illuminate,ADJ,618
167,godlike,ADJ,3695
167,divine,ADJ,148618
168,holy,ADJ,180206
168,sacred,ADJ,143885
169,mumble,VERB,2042
169,mutter,VERB,3278
169,murmur,VERB,2030
170,hue,NOUN,20011
170,tint,NOUN,9796
171,dye,NOUN,24439
171,color,NOUN,484330
171,colour,NOUN,417715
172,oath,NOUN,51533
172,vow,NOUN,15920
173,heaven,NOUN,232282
173,paradise,NOUN,47233
174,fairness,NOUN,76562
174,impartiality,NOUN,12915
175,outskirts,NOUN,36486
175,suburb,NOUN,28553
176,worldwide,ADJ,108548
176,global,ADJ,946446
177,almost,ADV,1933455
177,nearly,ADV,874715
177,virtually,ADV,236150
178,doable,ADJ,10791
178,possible,ADJ,2605343
179,lake,NOUN,182005
179,lagoon,NOUN,15635
180,balcony,NOUN,65763
180,porch,NOUN,49181
181,kingly,ADJ,2658
181,royal,ADJ,120554
181,majestic,ADJ,24598
182,broth,NOUN,18908
182,soup,NOUN,91794
183,groundless,ADJ,4581
183,baseless,ADJ,9374
184,whore,NOUN,14478
184,prostitute,NOUN,20382
185,speed,NOUN,693241
185,velocity,NOUN,68039
186,beach,NOUN,358764
186,shore,NOUN,97225
186,coast,NOUN,284441
187,outsider,NOUN,30079
187,alien,NOUN,30665
188,squeeze,VERB,40807
188,compress,VERB,10940
189,plot,VERB,16847
189,conspire,VERB,6762
189,scheme,VERB,1024
190,build,VERB,1087285
190,construct,VERB,95564
191,careful,ADJ,322389
191,cautious,ADJ,61254
192,gifted,ADJ,49855
192,talented,ADJ,155091
193,shape,NOUN,407628
193,form,NOUN,1893774
194,lean,VERB,30922
194,rely,VERB,245574
195,fight,NOUN,357514
195,battle,NOUN,451149
195,combat,NOUN,138120
196,lack,NOUN,803625
196,shortage,NOUN,85716
196,deficiency,NOUN,50206
196,insufficiency,NOUN,6503
197,dot,NOUN,45152
197,point,NOUN,3333637
198,hug,VERB,12107
198,embrace,VERB,129098
199,timetable,NOUN,48862
199,schedule,NOUN,238738
200,now,ADV,8368544
200,nowadays,ADV,76717
200,currently,ADV,1205138
200,presently,ADV,70768
201,offer,NOUN,444606
201,proposal,NOUN,368044
202,manifold,ADJ,11270
202,diverse,ADJ,272744
203,puff,VERB,3303
203,blow,VERB,89970
203,exhale,VERB,4767
204,straightforward,ADJ,113223
204,simple,ADJ,1292661
205,baby,NOUN,584246
205,infant,NOUN,40636
206,ball,NOUN,587514
206,sphere,NOUN,91903
206,globe,NOUN,123294
207,feeling,NOUN,456203
207,emotion,NOUN,115027
208,thrill,NOUN,34946
208,excitement,NOUN,137032
209,through,ADJ,10244
209,via,ADJ,0
210,although,SCONJ,1577647
210,despite,SCONJ,720730
211,trade,NOUN,748265
211,commerce,NOUN,78402
212,blockade,NOUN,23513
212,siege,NOUN,41937
213,ghost,NOUN,84872
213,spirit,NOUN,479000
214,alike,ADJ,1477
214,similar,ADJ,1493346
215,shirt,NOUN,130677
215,blouse,NOUN,9454
216,spud,NOUN,1804
216,potato,NOUN,66699
217,guide,NOUN,404663
217,instructor,NOUN,102110
218,crowd,NOUN,332807
218,audience,NOUN,681580
219,riddle,NOUN,9573
219,enigma,NOUN,9483
220,shame,NOUN,213362
220,disgrace,NOUN,35652
221,heap,NOUN,38304
221,pile,NOUN,94786
222,twofold,ADJ,10985
222,dual,ADJ,117582
222,double,ADJ,401948
223,goods,NOUN,429220
223,merchandise,NOUN,43557
224,bewildered,ADJ,0
224,confused,ADJ,52216
225,rocket,NOUN,80866
225,missile,NOUN,96668
226,bow,NOUN,70363
226,arc,NOUN,44102
227,unmind,VERB,2
227,overlook,VERB,35992
227,ignore,VERB,245978
227,disregard,VERB,19673
228,spoken,ADJ,5588
228,oral,ADJ,165590
228,verbal,ADJ,86819
229,sink,VERB,48882
229,submerge,VERB,3059
230,remark,VERB,8997
230,comment,VERB,193521
231,worry,NOUN,68450
231,concern,NOUN,561626
232,busy,ADJ,441391
232,occupied,ADJ,37610
233,chat,VERB,54278
233,converse,VERB,9374
234,help,NOUN,875695
234,aid,NOUN,385192
235,luck,NOUN,303078
235,fortune,NOUN,121758
