synset,word,pos,source,freq
1,skilled,ADJ,G,132939
1,expert,ADJ,R,54161
1,adept,ADJ,R,21805
1,proficient,ADJ,R,20916
1,skillful,ADJ,G,13464
2,loyalty,NOUN,R,100895
2,allegiance,NOUN,G,32901
3,annoy,VERB,R,21493
3,irritate,VERB,R,9706
3,rag,VERB,G,975
4,approachable,ADJ,R,17753
4,reachable,ADJ,G,6076
5,bloom,VERB,G,10936
5,flower,VERB,R,6942
5,blossom,VERB,G,6731
6,heavenly,ADJ,G,54535
6,celestial,ADJ,R,30965
7,close,VERB,R,406878
7,shut,VERB,G,252458
8,fellow,NOUN,G,103037
8,companion,NOUN,R,88966
9,fellowship,NOUN,G,63165
9,companionship,NOUN,R,14324
10,connect,VERB,R,262844
10,link,VERB,G,144509
10,tie,VERB,G,70400
11,credible,ADJ,R,83996
11,believable,ADJ,G,28899
12,shameful,ADJ,G,29307
12,disgraceful,ADJ,R,19075
12,scandalous,ADJ,R,14231
13,endless,ADJ,G,134885
13,eternal,ADJ,R,128460
13,infinite,ADJ,R,89855
13,everlasting,ADJ,G,25477
14,steady,ADJ,G,135166
14,rigid,ADJ,R,64661
14,stiff,ADJ,G,59579
14,firm,ADJ,R,35493
14,unwavering,ADJ,G,0
15,joyful,ADJ,R,24389
15,gleeful,ADJ,G,3870
16,grateful,ADJ,R,194329
16,thankful,ADJ,G,53275
17,merry,ADJ,G,23339
17,jolly,ADJ,R,17618
17,jovial,ADJ,R,5134
18,postman,NOUN,R,8757
18,mailman,NOUN,G,1807
19,story,NOUN,R,2133567
19,tale,NOUN,G,173070
19,narration,NOUN,R,23177
20,noon,NOUN,R,74000
20,midday,NOUN,G,22636
21,pulse,NOUN,R,63366
21,heartbeat,NOUN,G,20556
22,renew,VERB,G,50316
22,resume,VERB,R,46073
22,regenerate,VERB,R,13827
23,undermine,VERB,G,76030
23,sabotage,VERB,R,9060
24,satisfy,VERB,R,127973
24,fulfill,VERB,G,73484
25,stomach,NOUN,R,137291
25,belly,NOUN,G,60078
26,unwanted,ADJ,G,72204
26,undesirable,ADJ,R,30345
27,ungrateful,ADJ,R,8148
27,thankless,ADJ,G,4842
28,vibration,NOUN,R,43575
28,quiver,NOUN,G,4955
29,weary,ADJ,G,36089
29,fatigue,ADJ,R,0
30,angry,ADJ,G,227269
30,mad,ADJ,G,157305
30,furious,ADJ,R,44731
31,answer,NOUN,G,773039
31,reply,NOUN,R,225923
32,ask,VERB,G,1512513
32,request,VERB,R,132205
33,terrible,ADJ,R,276852
33,awful,ADJ,G,187242
34,start,VERB,G,1629029
34,begin,VERB,G,732725
34,commence,VERB,R,64140
35,bent,ADJ,G,14811
35,curved,ADJ,R,0
36,enchanting,ADJ,R,13540
36,bewitching,ADJ,G,0
37,large,ADJ,R,2571058
37,big,ADJ,G,2371853
38,void,NOUN,R,52814
38,blank,NOUN,G,21087
39,bold,ADJ,G,122479
39,brave,ADJ,R,111584
40,mainly,ADV,R,409612
40,chiefly,ADV,G,39149
41,choose,VERB,G,866860
41,pick,VERB,G,517489
41,select,VERB,R,260758
42,clean,ADJ,G,505729
42,neat,ADJ,R,94805
43,crazy,ADJ,G,242888
43,insane,ADJ,R,70142
44,stupid,ADJ,R,293776
44,dumb,ADJ,G,80161
45,keen,VERB,R,3537
45,eager,VERB,G,0
46,end,VERB,G,648626
46,finish,VERB,R,277330
47,quick,ADJ,G,597481
47,fast,ADJ,G,317233
47,rapid,ADJ,R,214631
48,fear,NOUN,G,488390
48,horror,NOUN,R,185215
48,terror,NOUN,R,146138
48,fright,NOUN,G,12591
49,abandon,VERB,R,84429
49,forsake,VERB,G,8827
50,friendly,ADJ,G,503893
50,amiable,ADJ,R,9885
51,full,ADJ,G,2501178
51,complete,ADJ,R,871878
52,funny,ADJ,G,359678
52,amusing,ADJ,R,68412
53,glance,NOUN,R,79240
53,glimpse,NOUN,G,64628
54,goal,NOUN,G,798630
54,aim,NOUN,R,322686
55,guarantee,VERB,G,133365
55,assure,VERB,R,99147
56,hard,ADJ,G,1762860
56,difficult,ADJ,R,1421351
57,harm,VERB,G,70972
57,damage,VERB,R,68428
58,hate,VERB,G,305606
58,despise,VERB,R,23149
59,help,VERB,G,3609783
59,assist,VERB,R,308516
59,aid,VERB,R,83481
60,hide,VERB,G,182966
60,conceal,VERB,R,32599
61,huge,ADJ,G,1028662
61,enormous,ADJ,R,229626
62,keep,VERB,G,2599347
62,maintain,VERB,R,537973
63,kind,ADJ,G,65789
63,gracious,ADJ,R,31880
64,leave,VERB,G,1223040
64,depart,VERB,R,40182
65,loudly,ADV,G,45460
65,noisily,ADV,R,3970
66,error,NOUN,R,425435
66,mistake,NOUN,G,286588
67,old,ADJ,G,3041906
67,ancient,ADJ,R,439893
68,weird,ADJ,G,174749
68,bizarre,ADJ,R,98810
68,peculiar,ADJ,R,71272
68,queer,ADJ,G,23496
69,reach,VERB,G,625287
69,arrive,VERB,R,242352
70,remove,VERB,G,501365
70,detach,VERB,R,7937
71,seek,VERB,G,499504
71,search,VERB,R,182093
72,show,VERB,G,1559042
72,display,VERB,R,184506
73,mute,ADJ,R,12438
73,soundless,ADJ,G,1045
74,reliable,ADJ,R,270266
74,trustworthy,ADJ,G,30434
75,loyal,ADJ,R,96767
75,trusty,ADJ,G,13535
76,ugly,ADJ,G,117092
76,hideous,ADJ,R,23921
77,incredible,ADJ,R,224429
77,unbelievable,ADJ,G,47432
78,whole,ADJ,G,1776363
78,entire,ADJ,R,958547
79,great,ADJ,G,4840209
79,excellent,ADJ,R,1002217
79,wonderful,ADJ,G,654442
79,fantastic,ADJ,R,459446
80,worry,VERB,G,337040
80,concern,VERB,R,25385
81,admire,VERB,R,75396
81,worship,VERB,G,52014
82,destroy,VERB,R,229394
82,demolish,VERB,R,14575
82,wreck,VERB,G,10140
83,wrong,ADJ,G,1389550
83,incorrect,ADJ,R,101901
83,untrue,ADJ,G,27958
83,FALSE,ADJ,R,2048
84,find,VERB,G,4530355
84,discover,VERB,R,290095
85,ban,VERB,G,64199
85,prohibit,VERB,R,40653
85,forbid,VERB,G,32879
86,forgive,VERB,G,84544
86,pardon,VERB,R,12957
87,former,ADJ,G,1136352
87,previous,ADJ,R,1056217
88,freedom,NOUN,G,607713
88,liberty,NOUN,R,141705
89,fun,NOUN,G,998567
89,enjoyment,NOUN,R,89241
90,gain,VERB,G,367773
90,obtain,VERB,R,339027
90,acquire,VERB,R,134247
91,gallant,ADJ,G,12409
91,chivalrous,ADJ,R,2389
92,rubbish,NOUN,R,75845
92,garbage,NOUN,G,73158
92,trash,NOUN,G,63502
93,collect,VERB,R,244802
93,gather,VERB,G,160431
94,hat,NOUN,G,151542
94,cap,NOUN,R,141190
95,own,VERB,G,286218
95,possess,VERB,R,124752
96,last,ADJ,G,4926384
96,final,ADJ,R,1244394
96,ultimate,ADJ,R,238285
97,learn,VERB,G,1262396
97,study,VERB,R,295580
98,lucky,ADJ,G,301629
98,fortunate,ADJ,R,109384
99,suffering,NOUN,G,179029
99,distress,NOUN,R,84515
99,misery,NOUN,R,67207
99,hardship,NOUN,G,44216
100,happen,VERB,G,971294
100,occur,VERB,R,418905
101,push,VERB,R,280607
101,shove,VERB,G,18425
102,lift,NOUN,G,101163
102,elevator,NOUN,R,43068
103,regret,VERB,G,68038
103,remorse,VERB,R,0
104,comment,NOUN,R,554557
104,remark,NOUN,G,51220
105,carpet,NOUN,R,95901
105,rug,NOUN,G,26251
106,store,NOUN,R,566271
106,shop,NOUN,G,561140
107,split,VERB,G,168664
107,divide,VERB,R,68601
108,try,VERB,G,2013906
108,attempt,VERB,R,183223
109,nervous,ADJ,R,167261
109,restless,ADJ,G,26007
110,illegal,ADJ,R,368149
110,unlawful,ADJ,G,58012
111,value,NOUN,R,1742890
111,worth,NOUN,G,264815
112,weak,ADJ,G,281392
112,feeble,ADJ,R,22950
113,victory,NOUN,R,332566
113,win,NOUN,G,241794
113,triumph,NOUN,R,64711
114,author,NOUN,R,756244
114,writer,NOUN,G,457735
115,annual,ADJ,R,636777
115,yearly,ADJ,G,49200
116,strong,ADJ,G,1362228
116,powerful,ADJ,R,662508
117,delivery,NOUN,R,472822
117,shipment,NOUN,G,27012
118,fragile,ADJ,R,66438
118,breakable,ADJ,G,1505
119,artificial,ADJ,R,130947
119,fake,ADJ,G,105678
120,short,ADJ,G,1529268
120,brief,ADJ,R,299303
121,helpful,ADJ,G,478640
121,beneficial,ADJ,R,158493
122,occupy,VERB,R,70636
122,busy,VERB,G,5657
123,buy,VERB,G,1259466
123,purchase,VERB,R,245321
124,idle,ADJ,G,55856
124,inactive,ADJ,R,25487
125,enough,ADJ,G,1058904
125,sufficient,ADJ,R,386096
126,thoughtful,ADJ,G,80982
126,considerate,ADJ,R,14911
127,mourn,VERB,G,18440
127,grieve,VERB,R,13233
128,readable,ADJ,R,40824
128,legible,ADJ,G,10293
129,evil,ADJ,G,278648
129,malicious,ADJ,R,46587
130,militant,ADJ,R,41844
130,warlike,ADJ,G,6519
131,boring,ADJ,G,115338
131,dull,ADJ,G,89458
131,tedious,ADJ,R,41693
131,uninteresting,ADJ,R,5025
132,vision,NOUN,R,467582
132,sight,NOUN,G,319069
133,smell,NOUN,G,112498
133,scent,NOUN,R,41942
133,odour,NOUN,R,13083
134,pasture,NOUN,R,30092
134,meadow,NOUN,G,23317
135,deadly,ADJ,G,94991
135,mortal,ADJ,R,36971
136,tired,ADJ,G,173312
136,exhausted,ADJ,R,0
137,discussion,NOUN,R,832299
137,conversation,NOUN,R,402682
137,chat,NOUN,G,143105
138,leader,NOUN,G,599299
138,chief,NOUN,R,86782
139,understand,VERB,G,1828005
139,comprehend,VERB,R,46299
140,obstacle,NOUN,R,52896
140,hurdle,NOUN,G,25297
141,often,ADV,G,2874347
141,frequently,ADV,R,388190
142,perfect,ADJ,R,896617
142,flawless,ADJ,G,19951
143,flaw,NOUN,G,44016
143,defect,NOUN,R,39494
144,unlimited,ADJ,R,85886
144,unbounded,ADJ,G,5882
145,early,ADJ,G,1846504
145,premature,ADJ,R,48958
146,likely,ADV,G,401299
146,probable,ADV,R,0
147,optimistic,ADJ,R,81456
147,hopeful,ADJ,G,59160
148,outstanding,ADJ,G,303430
148,extraordinary,ADJ,R,198683
149,reduce,VERB,R,749494
149,lessen,VERB,G,26235
150,reluctant,ADJ,R,89969
150,unwilling,ADJ,G,57672
151,resist,VERB,R,126408
151,withstand,VERB,G,39806
152,withdraw,VERB,G,88897
152,retreat,VERB,R,20060
153,same,ADJ,G,5728991
153,identical,ADJ,R,168033
154,significant,ADJ,R,1164637
154,meaningful,ADJ,G,175589
155,stable,ADJ,R,222734
155,steady,ADJ,G,135166
156,shake,VERB,G,79449
156,vibrate,VERB,R,9389
156,tremble,VERB,R,6743
156,quiver,VERB,G,1389
156,quake,VERB,G,310
157,top,NOUN,G,990383
157,peak,NOUN,G,159427
157,summit,NOUN,R,119072
157,apex,NOUN,R,16961
157,pinnacle,NOUN,R,15294
158,rob,VERB,R,27411
158,mug,VERB,G,1825
159,sealed,ADJ,G,26595
159,impermeable,ADJ,R,2911
160,hardly,ADV,G,341062
160,barely,ADV,G,195259
160,scarcely,ADV,R,47406
161,juvenile,ADJ,R,49086
161,childish,ADJ,G,29465
161,immature,ADJ,R,28016
161,infantile,ADJ,R,8248
162,thread,NOUN,G,408550
162,string,NOUN,G,252206
162,cord,NOUN,R,68582
163,outline,NOUN,G,79207
163,contour,NOUN,R,13912
164,deceive,VERB,R,25010
164,mislead,VERB,G,19695
165,pain,NOUN,R,711284
165,ache,NOUN,G,13207
166,illuminate,ADJ,R,618
166,enlighten,ADJ,G,0
167,divine,ADJ,R,148618
167,godlike,ADJ,G,3695
168,holy,ADJ,G,180206
168,sacred,ADJ,R,143885
169,mutter,VERB,G,3278
169,mumble,VERB,G,2042
169,murmur,VERB,R,2030
170,hue,NOUN,G,20011
170,tint,NOUN,R,9796
171,color,NOUN,R,484330
171,colour,NOUN,R,417715
171,dye,NOUN,G,24439
172,oath,NOUN,G,51533
172,vow,NOUN,R,15920
173,heaven,NOUN,G,232282
173,paradise,NOUN,R,47233
174,fairness,NOUN,G,76562
174,impartiality,NOUN,R,12915
175,outskirts,NOUN,G,36486
175,suburb,NOUN,R,28553
176,global,ADJ,R,946446
176,worldwide,ADJ,G,108548
177,almost,ADV,G,1933455
177,nearly,ADV,G,874715
177,virtually,ADV,R,236150
178,possible,ADJ,R,2605343
178,doable,ADJ,G,10791
179,lake,NOUN,G,182005
179,lagoon,NOUN,R,15635
180,balcony,NOUN,G,65763
180,porch,NOUN,R,49181
181,royal,ADJ,R,120554
181,majestic,ADJ,R,24598
181,kingly,ADJ,G,2658
182,soup,NOUN,R,91794
182,broth,NOUN,G,18908
183,baseless,ADJ,R,9374
183,groundless,ADJ,G,4581
184,prostitute,NOUN,R,20382
184,whore,NOUN,G,14478
185,speed,NOUN,G,693241
185,velocity,NOUN,R,68039
186,beach,NOUN,G,358764
186,coast,NOUN,R,284441
186,shore,NOUN,R,97225
187,alien,NOUN,R,30665
187,outsider,NOUN,G,30079
188,squeeze,VERB,G,40807
188,compress,VERB,R,10940
189,plot,VERB,G,16847
189,conspire,VERB,R,6762
189,scheme,VERB,R,1024
190,build,VERB,G,1087285
190,construct,VERB,R,95564
191,careful,ADJ,G,322389
191,cautious,ADJ,R,61254
192,talented,ADJ,R,155091
192,gifted,ADJ,G,49855
193,form,NOUN,R,1893774
193,shape,NOUN,G,407628
194,rely,VERB,R,245574
194,lean,VERB,G,30922
195,battle,NOUN,R,451149
195,fight,NOUN,G,357514
195,combat,NOUN,R,138120
196,lack,NOUN,G,803625
196,shortage,NOUN,R,85716
196,deficiency,NOUN,G,50206
196,insufficiency,NOUN,R,6503
197,point,NOUN,R,3333637
197,dot,NOUN,G,45152
198,embrace,VERB,R,129098
198,hug,VERB,G,12107
199,schedule,NOUN,R,238738
199,timetable,NOUN,G,48862
200,now,ADV,G,8368544
200,currently,ADV,R,1205138
200,nowadays,ADV,G,76717
200,presently,ADV,R,70768
201,offer,NOUN,G,444606
201,proposal,NOUN,R,368044
202,diverse,ADJ,R,272744
202,manifold,ADJ,G,11270
203,blow,VERB,G,89970
203,exhale,VERB,R,4767
203,puff,VERB,G,3303
204,simple,ADJ,R,1292661
204,straightforward,ADJ,G,113223
205,baby,NOUN,G,584246
205,infant,NOUN,R,40636
206,ball,NOUN,G,587514
206,globe,NOUN,R,123294
206,sphere,NOUN,R,91903
207,feeling,NOUN,G,456203
207,emotion,NOUN,R,115027
208,excitement,NOUN,R,137032
208,thrill,NOUN,G,34946
209,through,ADJ,G,10244
209,via,ADJ,R,0
210,although,SCONJ,G,1577647
210,despite,SCONJ,R,720730
211,trade,NOUN,G,748265
211,commerce,NOUN,R,78402
212,siege,NOUN,R,41937
212,blockade,NOUN,G,23513
213,spirit,NOUN,R,479000
213,ghost,NOUN,G,84872
214,similar,ADJ,R,1493346
214,alike,ADJ,G,1477
215,shirt,NOUN,G,130677
215,blouse,NOUN,R,9454
216,potato,NOUN,R,66699
216,spud,NOUN,G,1804
217,guide,NOUN,G,404663
217,instructor,NOUN,R,102110
218,audience,NOUN,R,681580
218,crowd,NOUN,G,332807
219,riddle,NOUN,G,9573
219,enigma,NOUN,R,9483
220,shame,NOUN,G,213362
220,disgrace,NOUN,R,35652
221,pile,NOUN,R,94786
221,heap,NOUN,G,38304
222,double,ADJ,R,401948
222,dual,ADJ,R,117582
222,twofold,ADJ,G,10985
223,goods,NOUN,G,429220
223,merchandise,NOUN,R,43557
224,confused,ADJ,R,52216
224,bewildered,ADJ,G,0
225,missile,NOUN,R,96668
225,rocket,NOUN,G,80866
226,bow,NOUN,G,70363
226,arc,NOUN,R,44102
227,ignore,VERB,R,245978
227,overlook,VERB,G,35992
227,disregard,VERB,R,19673
227,unmind,VERB,G,2
228,oral,ADJ,R,165590
228,verbal,ADJ,R,86819
228,spoken,ADJ,G,5588
229,sink,VERB,G,48882
229,submerge,VERB,R,3059
230,comment,VERB,R,193521
230,remark,VERB,G,8997
231,concern,NOUN,R,561626
231,worry,NOUN,G,68450
232,busy,ADJ,G,441391
232,occupied,ADJ,R,37610
233,chat,VERB,G,54278
233,converse,VERB,R,9374
234,help,NOUN,G,875695
234,aid,NOUN,R,385192
235,luck,NOUN,G,303078
235,fortune,NOUN,R,121758
