,synset,word,Source,POS,count
0,1,adept,R,ADJ,0
1,1,expert,R,ADJ,0
2,1,proficient,R,ADJ,0
3,1,skillful,G,ADJ,0
4,1,skilled,G,ADJ,0
5,2,allegiance,G,NOUN,0
6,2,loyalty,R,NOUN,0
7,3,annoy,R,VERB,0
8,3,rag,G,VERB,0
9,3,irritate,R,VERB,0
10,4,approachable,R,ADJ,0
11,4,reachable,G,ADJ,0
12,5,bloom,G,VERB,0
13,5,blossom,G,VERB,0
14,5,flower,R,VERB,0
15,6,celestial,R,ADJ,0
16,6,heavenly,G,ADJ,0
17,7,close,R,VERB,0
18,7,shut,G,VERB,0
19,8,companion,R,NOUN,0
20,8,fellow,G,NOUN,0
21,9,companionship,R,NOUN,0
22,9,fellowship,G,NOUN,0
23,10,tie,G,VERB,0
24,10,connect,R,VERB,0
25,10,link,G,VERB,0
26,11,credible,R,ADJ,0
27,11,believable,G,ADJ,0
28,12,disgraceful,R,ADJ,0
29,12,scandalous,R,ADJ,0
30,12,shameful,G,ADJ,0
31,13,endless,G,ADJ,0
32,13,eternal,R,ADJ,0
33,13,infinite,R,ADJ,0
34,13,everlasting,G,ADJ,0
35,14,firm,R,ADJ,0
36,14,steady,G,ADJ,0
37,14,stiff,G,ADJ,0
38,14,unwavering,G,ADJ,0
39,14,rigid,R,ADJ,0
40,15,gleeful,G,ADJ,0
41,15,joyful,R,ADJ,0
42,16,grateful,R,ADJ,0
43,16,thankful,G,ADJ,0
44,17,jolly,R,ADJ,0
45,17,jovial,R,ADJ,0
46,17,merry,G,ADJ,0
47,18,mailman,G,NOUN,0
48,18,postman,R,NOUN,0
49,19,narration,R,NOUN,0
50,19,tale,G,NOUN,0
51,19,story,R,NOUN,0
52,20,noon,R,NOUN,0
53,20,midday,G,NOUN,0
54,21,pulse,R,NOUN,0
55,21,heartbeat,G,NOUN,0
56,22,regenerate,R,VERB,0
57,22,renew,G,VERB,0
58,22,resume,R,VERB,0
59,23,sabotage,R,VERB,0
60,23,undermine,G,VERB,0
61,24,satisfy,R,VERB,0
62,24,fulfill,G,VERB,0
63,25,stomach,R,NOUN,0
64,25,belly,G,NOUN,0
65,26,undesirable,R,ADJ,0
66,26,unwanted,G,ADJ,0
67,27,ungrateful,R,ADJ,0
68,27,thankless,G,ADJ,0
69,28,vibration,R,NOUN,0
70,28,quiver,G,NOUN,0
71,29,weary,G,ADJ,0
72,29,fatigue,R,ADJ,0
73,30,angry,G,ADJ,0
74,30,mad,G,ADJ,0
75,30,furious,R,ADJ,0
76,31,answer,G,NOUN,0
77,31,reply,R,NOUN,0
78,32,ask,G,VERB,0
79,32,request,R,VERB,0
80,33,awful,G,ADJ,0
81,33,terrible,R,ADJ,0
82,34,begin,G,VERB,0
83,34,start,G,VERB,0
84,34,commence,R,VERB,0
85,35,bent,G,ADJ,0
86,35,curved,R,ADJ,0
87,36,bewitching,G,ADJ,0
88,36,enchanting,R,ADJ,0
89,37,big,G,ADJ,0
90,37,large,R,ADJ,0
91,38,blank,G,NOUN,0
92,38,void,R,NOUN,0
93,39,bold,G,ADJ,0
94,39,brave,R,ADJ,0
95,40,chiefly,G,ADV,0
96,40,mainly,R,ADV,0
97,41,choose,G,VERB,1
98,41,pick,G,VERB,0
99,41,select,R,VERB,0
100,42,clean,G,ADJ,0
101,42,neat,R,ADJ,0
102,43,crazy,G,ADJ,0
103,43,insane,R,ADJ,0
104,44,dumb,G,ADJ,0
105,44,stupid,R,ADJ,0
106,45,eager,G,VERB,0
107,45,keen,R,VERB,0
108,46,end,G,VERB,0
109,46,finish,R,VERB,0
110,47,fast,G,ADJ,0
111,47,quick,G,ADJ,0
112,47,rapid,R,ADJ,0
113,48,fear,G,NOUN,0
114,48,fright,G,NOUN,0
115,48,terror,R,NOUN,0
116,48,horror,R,NOUN,0
117,49,forsake,G,VERB,0
118,49,abandon,R,VERB,0
119,50,friendly,G,ADJ,0
120,50,amiable,R,ADJ,0
121,51,full,G,ADJ,0
122,51,complete,R,ADJ,0
123,52,funny,G,ADJ,0
124,52,amusing,R,ADJ,0
125,53,glimpse,G,NOUN,0
126,53,glance,R,NOUN,0
127,54,goal,G,NOUN,0
128,54,aim,R,NOUN,0
129,55,guarantee,G,VERB,0
130,55,assure,R,VERB,0
131,56,hard,G,ADJ,0
132,56,difficult,R,ADJ,0
133,57,harm,G,VERB,0
134,57,damage,R,VERB,0
135,58,hate,G,VERB,0
136,58,despise,R,VERB,0
137,59,help,G,VERB,0
138,59,aid,R,VERB,0
139,59,assist,R,VERB,0
140,60,hide,G,VERB,0
141,60,conceal,R,VERB,0
142,61,huge,G,ADJ,0
143,61,enormous,R,ADJ,0
144,62,keep,G,VERB,0
145,62,maintain,R,VERB,0
146,63,kind,G,ADJ,0
147,63,gracious,R,ADJ,0
148,64,leave,G,VERB,0
149,64,depart,R,VERB,0
150,65,loudly,G,ADV,0
151,65,noisily,R,ADV,0
152,66,mistake,G,NOUN,0
153,66,error,R,NOUN,0
154,67,old,G,ADJ,0
155,67,ancient,R,ADJ,0
156,68,queer,G,ADJ,0
157,68,weird,G,ADJ,0
158,68,bizarre,R,ADJ,0
159,68,peculiar,R,ADJ,0
160,69,reach,G,VERB,0
161,69,arrive,R,VERB,0
162,70,remove,G,VERB,0
163,70,detach,R,VERB,0
164,71,seek,G,VERB,0
165,71,search,R,VERB,0
166,72,show,G,VERB,0
167,72,display,R,VERB,0
168,73,soundless,G,ADJ,0
169,73,mute,R,ADJ,0
170,74,trustworthy,G,ADJ,0
171,74,reliable,R,ADJ,0
172,75,trusty,G,ADJ,0
173,75,loyal,R,ADJ,0
174,76,ugly,G,ADJ,0
175,76,hideous,R,ADJ,0
176,77,unbelievable,G,ADJ,0
177,77,incredible,R,ADJ,0
178,78,whole,G,ADJ,0
179,78,entire,R,ADJ,0
180,79,wonderful,G,ADJ,0
181,79,great,G,ADJ,0
182,79,excellent,R,ADJ,0
183,79,fantastic,R,ADJ,0
184,80,worry,G,VERB,0
185,80,concern,R,VERB,0
186,81,worship,G,VERB,0
187,81,admire,R,VERB,0
188,82,wreck,G,VERB,0
189,82,destroy,R,VERB,0
190,82,demolish,R,VERB,0
191,83,wrong,G,ADJ,0
192,83,untrue,G,ADJ,0
193,83,FALSE,R,ADJ,0
194,83,incorrect,R,ADJ,0
195,84,find,G,VERB,0
196,84,discover,R,VERB,0
197,85,forbid,G,VERB,0
198,85,ban,G,VERB,0
199,85,prohibit,R,VERB,0
200,86,forgive,G,VERB,0
201,86,pardon,R,VERB,0
202,87,former,G,ADJ,0
203,87,previous,R,ADJ,0
204,88,freedom,G,NOUN,0
205,88,liberty,R,NOUN,0
206,89,fun,G,NOUN,0
207,89,enjoyment,R,NOUN,0
208,90,gain,G,VERB,0
209,90,obtain,R,VERB,0
210,90,acquire,R,VERB,0
211,91,gallant,G,ADJ,0
212,91,chivalrous,R,ADJ,0
213,92,garbage,G,NOUN,0
214,92,trash,G,NOUN,0
215,92,rubbish,R,NOUN,0
216,93,gather,G,VERB,0
217,93,collect,R,VERB,0
218,94,hat,G,NOUN,0
219,94,cap,R,NOUN,0
220,95,own,G,VERB,0
221,95,possess,R,VERB,0
222,96,last,G,ADJ,0
223,96,final,R,ADJ,0
224,96,ultimate,R,ADJ,0
225,97,learn,G,VERB,0
226,97,study,R,VERB,0
227,98,lucky,G,ADJ,0
228,98,fortunate,R,ADJ,0
229,99,hardship,G,NOUN,0
230,99,suffering,G,NOUN,0
231,99,misery,R,NOUN,0
232,99,distress,R,NOUN,0
233,100,happen,G,VERB,0
234,100,occur,R,VERB,0
235,101,shove,G,VERB,0
236,101,push,R,VERB,0
237,102,lift,G,NOUN,0
238,102,elevator,R,NOUN,0
239,103,regret,G,VERB,0
240,103,remorse,R,VERB,0
241,104,remark,G,NOUN,0
242,104,comment,R,NOUN,0
243,105,rug,G,NOUN,0
244,105,carpet,R,NOUN,0
245,106,shop,G,NOUN,0
246,106,store,R,NOUN,0
247,107,split,G,VERB,0
248,107,divide,R,VERB,0
249,108,try,G,VERB,0
250,108,attempt,R,VERB,0
251,109,restless,G,ADJ,0
252,109,nervous,R,ADJ,0
253,110,unlawful,G,ADJ,0
254,110,illegal,R,ADJ,0
255,111,worth,G,NOUN,0
256,111,value,R,NOUN,0
257,112,weak,G,ADJ,0
258,112,feeble,R,ADJ,0
259,113,win,G,NOUN,0
260,113,triumph,R,NOUN,0
261,113,victory,R,NOUN,0
262,114,writer,G,NOUN,0
263,114,author,R,NOUN,0
264,115,yearly,G,ADJ,0
265,115,annual,R,ADJ,0
266,116,strong,G,ADJ,0
267,116,powerful,R,ADJ,0
268,117,shipment,G,NOUN,0
269,117,delivery,R,NOUN,0
270,118,breakable,G,ADJ,0
271,118,fragile,R,ADJ,0
272,119,fake,G,ADJ,0
273,119,artificial,R,ADJ,0
274,120,short,G,ADJ,0
275,120,brief,R,ADJ,0
276,121,helpful,G,ADJ,0
277,121,beneficial,R,ADJ,0
278,122,busy,G,VERB,0
279,122,occupy,R,VERB,0
280,123,buy,G,VERB,0
281,123,purchase,R,VERB,0
282,124,idle,G,ADJ,0
283,124,inactive,R,ADJ,0
284,125,enough,G,ADJ,0
285,125,sufficient,R,ADJ,0
286,126,thoughtful,G,ADJ,0
287,126,considerate,R,ADJ,0
288,127,mourn,G,VERB,0
289,127,grieve,R,VERB,0
290,128,legible,G,ADJ,0
291,128,readable,R,ADJ,0
292,129,evil,G,ADJ,0
293,129,malicious,R,ADJ,0
294,130,warlike,G,ADJ,0
295,130,militant,R,ADJ,0
296,131,boring,G,ADJ,0
297,131,tedious,R,ADJ,0
298,131,uninteresting,R,ADJ,0
299,131,dull,G,ADJ,0
300,132,sight,G,NOUN,0
301,132,vision,R,NOUN,0
302,133,smell,G,NOUN,0
303,133,odour,R,NOUN,0
304,133,scent,R,NOUN,0
305,134,meadow,G,NOUN,0
306,134,pasture,R,NOUN,0
307,135,deadly,G,ADJ,0
308,135,mortal,R,ADJ,0
309,136,tired,G,ADJ,2
310,136,exhausted,R,ADJ,0
311,137,chat,G,NOUN,0
312,137,conversation,R,NOUN,0
313,137,discussion,R,NOUN,0
314,138,leader,G,NOUN,0
315,138,chief,R,NOUN,0
316,139,understand,G,VERB,0
317,139,comprehend,R,VERB,0
318,140,hurdle,G,NOUN,0
319,140,obstacle,R,NOUN,0
320,141,often,G,ADV,0
321,141,frequently,R,ADV,0
322,142,flawless,G,ADJ,0
323,142,perfect,R,ADJ,0
324,143,flaw,G,NOUN,0
325,143,defect,R,NOUN,0
326,144,unbounded,G,ADJ,0
327,144,unlimited,R,ADJ,0
328,145,early,G,ADJ,0
329,145,premature,R,ADJ,0
330,146,likely,G,ADV,0
331,146,probable,R,ADV,0
332,147,hopeful,G,ADJ,0
333,147,optimistic,R,ADJ,0
334,148,outstanding,G,ADJ,0
335,148,extraordinary,R,ADJ,0
336,149,lessen,G,VERB,0
337,149,reduce,R,VERB,0
338,150,unwilling,G,ADJ,0
339,150,reluctant,R,ADJ,0
340,151,withstand,G,VERB,0
341,151,resist,R,VERB,0
342,152,withdraw,G,VERB,0
343,152,retreat,R,VERB,0
344,153,same,G,ADJ,0
345,153,identical,R,ADJ,0
346,154,meaningful,G,ADJ,0
347,154,significant,R,ADJ,0
348,155,steady,G,ADJ,0
349,155,stable,R,ADJ,0
350,156,shake,G,VERB,0
351,156,quiver,G,VERB,0
352,156,quake,G,VERB,0
353,156,vibrate,R,VERB,0
354,156,tremble,R,VERB,0
355,157,peak,G,NOUN,0
356,157,top,G,NOUN,0
357,157,apex,R,NOUN,0
358,157,pinnacle,R,NOUN,0
359,157,summit,R,NOUN,0
360,158,mug,G,VERB,0
361,158,rob,R,VERB,0
362,159,sealed,G,ADJ,0
363,159,impermeable,R,ADJ,0
364,160,barely,G,ADV,0
365,160,hardly,G,ADV,0
366,160,scarcely,R,ADV,0
367,161,childish,G,ADJ,0
368,161,juvenile,R,ADJ,0
369,161,immature,R,ADJ,0
370,161,infantile,R,ADJ,0
371,162,thread,G,NOUN,0
372,162,string,G,NOUN,0
373,162,cord,R,NOUN,0
374,163,outline,G,NOUN,0
375,163,contour,R,NOUN,0
376,164,mislead,G,VERB,0
377,164,deceive,R,VERB,0
378,165,ache,G,NOUN,0
379,165,pain,R,NOUN,0
380,166,enlighten,G,ADJ,0
381,166,illuminate,R,ADJ,0
382,167,godlike,G,ADJ,0
383,167,divine,R,ADJ,0
384,168,holy,G,ADJ,0
385,168,sacred,R,ADJ,0
386,169,mumble,G,VERB,0
387,169,mutter,G,VERB,0
388,169,murmur,R,VERB,0
389,170,hue,G,NOUN,0
390,170,tint,R,NOUN,0
391,171,dye,G,NOUN,0
392,171,color,R,NOUN,0
393,171,colour,R,NOUN,0
394,172,oath,G,NOUN,0
395,172,vow,R,NOUN,0
396,173,heaven,G,NOUN,0
397,173,paradise,R,NOUN,0
398,174,fairness,G,NOUN,0
399,174,impartiality,R,NOUN,0
400,175,outskirts,G,NOUN,0
401,175,suburb,R,NOUN,0
402,176,worldwide,G,ADJ,0
403,176,global,R,ADJ,0
404,177,almost,G,ADV,0
405,177,nearly,G,ADV,0
406,177,virtually,R,ADV,0
407,178,doable,G,ADJ,0
408,178,possible,R,ADJ,0
409,179,lake,G,NOUN,0
410,179,lagoon,R,NOUN,0
411,180,balcony,G,NOUN,0
412,180,porch,R,NOUN,0
413,181,kingly,G,ADJ,0
414,181,royal,R,ADJ,0
415,181,majestic,R,ADJ,0
416,182,broth,G,NOUN,0
417,182,soup,R,NOUN,0
418,183,groundless,G,ADJ,0
419,183,baseless,R,ADJ,0
420,184,whore,G,NOUN,0
421,184,prostitute,R,NOUN,0
422,185,speed,G,NOUN,0
423,185,velocity,R,NOUN,0
424,186,beach,G,NOUN,0
425,186,shore,R,NOUN,0
426,186,coast,R,NOUN,0
427,187,outsider,G,NOUN,0
428,187,alien,R,NOUN,0
429,188,squeeze,G,VERB,0
430,188,compress,R,VERB,0
431,189,plot,G,VERB,0
432,189,conspire,R,VERB,0
433,189,scheme,R,VERB,0
434,190,build,G,VERB,0
435,190,construct,R,VERB,0
436,191,careful,G,ADJ,0
437,191,cautious,R,ADJ,0
438,192,gifted,G,ADJ,0
439,192,talented,R,ADJ,0
440,193,shape,G,NOUN,0
441,193,form,R,NOUN,0
442,194,lean,G,VERB,0
443,194,rely,R,VERB,0
444,195,fight,G,NOUN,0
445,195,battle,R,NOUN,0
446,195,combat,R,NOUN,0
447,196,lack,G,NOUN,0
448,196,shortage,R,NOUN,0
449,196,deficiency,G,NOUN,0
450,196,insufficiency,R,NOUN,0
451,197,dot,G,NOUN,0
452,197,point,R,NOUN,0
453,198,hug,G,VERB,0
454,198,embrace,R,VERB,0
455,199,timetable,G,NOUN,0
456,199,schedule,R,NOUN,0
457,200,now,G,ADV,0
458,200,nowadays,G,ADV,0
459,200,currently,R,ADV,0
460,200,presently,R,ADV,0
461,201,offer,G,NOUN,0
462,201,proposal,R,NOUN,0
463,202,manifold,G,ADJ,0
464,202,diverse,R,ADJ,0
465,203,puff,G,VERB,0
466,203,blow,G,VERB,0
467,203,exhale,R,VERB,0
468,204,straightforward,G,ADJ,0
469,204,simple,R,ADJ,0
470,205,baby,G,NOUN,0
471,205,infant,R,NOUN,0
472,206,ball,G,NOUN,0
473,206,sphere,R,NOUN,0
474,206,globe,R,NOUN,0
475,207,feeling,G,NOUN,0
476,207,emotion,R,NOUN,0
477,208,thrill,G,NOUN,0
478,208,excitement,R,NOUN,0
479,209,through,G,ADJ,0
480,209,via,R,ADJ,0
481,210,although,G,SCONJ,0
482,210,despite,R,SCONJ,0
483,211,trade,G,NOUN,0
484,211,commerce,R,NOUN,0
485,212,blockade,G,NOUN,0
486,212,siege,R,NOUN,0
487,213,ghost,G,NOUN,0
488,213,spirit,R,NOUN,0
489,214,alike,G,ADJ,0
490,214,similar,R,ADJ,0
491,215,shirt,G,NOUN,0
492,215,blouse,R,NOUN,0
493,216,spud,G,NOUN,0
494,216,potato,R,NOUN,0
495,217,guide,G,NOUN,2
496,217,instructor,R,NOUN,0
497,218,crowd,G,NOUN,0
498,218,audience,R,NOUN,0
499,219,riddle,G,NOUN,0
500,219,enigma,R,NOUN,0
501,220,shame,G,NOUN,0
502,220,disgrace,R,NOUN,0
503,221,heap,G,NOUN,0
504,221,pile,R,NOUN,0
505,222,twofold,G,ADJ,0
506,222,dual,R,ADJ,0
507,222,double,R,ADJ,0
508,223,goods,G,NOUN,0
509,223,merchandise,R,NOUN,0
510,224,bewildered,G,ADJ,0
511,224,confused,R,ADJ,0
512,225,rocket,G,NOUN,0
513,225,missile,R,NOUN,0
514,226,bow,G,NOUN,0
515,226,arc,R,NOUN,0
516,227,unmind,G,VERB,0
517,227,overlook,G,VERB,0
518,227,ignore,R,VERB,0
519,227,disregard,R,VERB,0
520,228,spoken,G,ADJ,0
521,228,oral,R,ADJ,0
522,228,verbal,R,ADJ,0
523,229,sink,G,VERB,0
524,229,submerge,R,VERB,0
525,230,remark,G,VERB,0
526,230,comment,R,VERB,0
527,231,worry,G,NOUN,0
528,231,concern,R,NOUN,0
529,232,busy,G,ADJ,0
530,232,occupied,R,ADJ,0
531,233,chat,G,VERB,0
532,233,converse,R,VERB,0
533,234,help,G,NOUN,0
534,234,aid,R,NOUN,0
535,235,luck,G,NOUN,0
536,235,fortune,R,NOUN,0
