,synset,word,Source,count
0,1,adept,R,0
1,1,expert,R,0
2,1,proficient,R,0
3,1,skillful,G,0
4,1,skilled,G,0
5,2,allegiance,G,0
6,2,loyalty,R,0
7,3,annoy,R,0
8,3,rag,G,0
9,3,irritate,R,0
10,4,approachable,R,0
11,4,reachable,G,0
12,5,bloom,G,0
13,5,blossom,G,0
14,5,flower,R,0
15,6,celestial,R,0
16,6,heavenly,G,0
17,7,close,R,0
18,7,shut,G,0
19,8,companion,R,0
20,8,fellow,G,0
21,9,companionship,R,0
22,9,fellowship,G,0
23,10,tie,G,0
24,10,connect,R,0
25,10,link,G,0
26,11,credible,R,0
27,11,believable,G,0
28,12,disgraceful,R,0
29,12,scandalous,R,0
30,12,shameful,G,0
31,13,endless,G,0
32,13,eternal,R,0
33,13,infinite,R,0
34,13,everlasting,G,0
35,14,firm,R,0
36,14,steady,G,0
37,14,stiff,G,0
38,14,unwavering,G,0
39,14,rigid,R,0
40,15,gleeful,G,0
41,15,joyful,R,0
42,16,grateful,R,0
43,16,thankful,G,0
44,17,jolly,R,0
45,17,jovial,R,0
46,17,merry,G,0
47,18,mailman,G,0
48,18,postman,R,0
49,19,narration,R,0
50,19,tale,G,0
51,19,story,R,0
52,20,noon,R,0
53,20,midday,G,0
54,21,pulse,R,0
55,21,heartbeat,G,0
56,22,regenerate,R,0
57,22,renew,G,0
58,22,resume,R,0
59,23,sabotage,R,0
60,23,undermine,G,0
61,24,satisfy,R,0
62,24,fulfill,G,0
63,25,stomach,R,0
64,25,belly,G,0
65,26,undesirable,R,0
66,26,unwanted,G,0
67,27,ungrateful,R,0
68,27,thankless,G,0
69,28,vibration,R,0
70,28,quiver,G,0
71,29,weary,G,0
72,29,fatigue,R,0
73,30,angry,G,0
74,30,mad,G,0
75,30,furious,R,0
76,31,answer,G,0
77,31,reply,R,0
78,32,ask,G,0
79,32,request,R,0
80,33,awful,G,0
81,33,terrible,R,0
82,34,begin,G,0
83,34,start,G,0
84,34,commence,R,0
85,35,bent,G,0
86,35,curved,R,0
87,36,bewitching,G,0
88,36,enchanting,R,0
89,37,big,G,0
90,37,large,R,0
91,38,blank,G,0
92,38,void,R,0
93,39,bold,G,0
94,39,brave,R,0
95,40,chiefly,G,0
96,40,mainly,R,0
97,41,choose,G,0
98,41,pick,G,0
99,41,select,R,0
100,42,clean,G,0
101,42,neat,R,0
102,43,crazy,G,0
103,43,insane,R,0
104,44,dumb,G,0
105,44,stupid,R,0
106,45,eager,G,0
107,45,keen,R,0
108,46,end,G,0
109,46,finish,R,0
110,47,fast,G,0
111,47,quick,G,0
112,47,rapid,R,0
113,48,fear,G,0
114,48,fright,G,0
115,48,terror,R,0
116,48,horror,R,0
117,49,forsake,G,0
118,49,abandon,R,0
119,50,friendly,G,0
120,50,amiable,R,0
121,51,full,G,0
122,51,complete,R,0
123,52,funny,G,1
124,52,amusing,R,0
125,53,glimpse,G,0
126,53,glance,R,0
127,54,goal,G,0
128,54,aim,R,1
129,55,guarantee,G,0
130,55,assure,R,0
131,56,hard,G,0
132,56,difficult,R,0
133,57,harm,G,0
134,57,damage,R,0
135,58,hate,G,0
136,58,despise,R,0
137,59,help,G,0
138,59,aid,R,0
139,59,assist,R,0
140,60,hide,G,0
141,60,conceal,R,0
142,61,huge,G,0
143,61,enormous,R,0
144,62,keep,G,0
145,62,maintain,R,0
146,63,kind,G,1
147,63,gracious,R,0
148,64,leave,G,0
149,64,depart,R,0
150,65,loudly,G,0
151,65,noisily,R,0
152,66,mistake,G,0
153,66,error,R,0
154,67,old,G,0
155,67,ancient,R,0
156,68,queer,G,0
157,68,weird,G,0
158,68,bizarre,R,0
159,68,peculiar,R,0
160,69,reach,G,0
161,69,arrive,R,0
162,70,remove,G,0
163,70,detach,R,0
164,71,seek,G,0
165,71,search,R,0
166,72,show,G,3
167,72,display,R,0
168,73,soundless,G,0
169,73,mute,R,0
170,74,trustworthy,G,0
171,74,reliable,R,0
172,75,trusty,G,0
173,75,loyal,R,0
174,76,ugly,G,0
175,76,hideous,R,0
176,77,unbelievable,G,0
177,77,incredible,R,0
178,78,whole,G,0
179,78,entire,R,0
180,79,wonderful,G,0
181,79,great,G,0
182,79,excellent,R,0
183,79,fantastic,R,0
184,80,worry,G,0
185,80,concern,R,0
186,81,worship,G,0
187,81,admire,R,0
188,82,wreck,G,0
189,82,destroy,R,0
190,82,demolish,R,0
191,83,wrong,G,0
192,83,untrue,G,0
193,83,FALSE,R,0
194,83,incorrect,R,0
195,84,find,G,0
196,84,discover,R,0
197,85,forbid,G,0
198,85,ban,G,0
199,85,prohibit,R,0
200,86,forgive,G,0
201,86,pardon,R,0
202,87,former,G,0
203,87,previous,R,0
204,88,freedom,G,0
205,88,liberty,R,0
206,89,fun,G,0
207,89,enjoyment,R,0
208,90,gain,G,0
209,90,obtain,R,0
210,90,acquire,R,0
211,91,gallant,G,0
212,91,chivalrous,R,0
213,92,garbage,G,0
214,92,trash,G,0
215,92,rubbish,R,0
216,93,gather,G,0
217,93,collect,R,0
218,94,hat,G,0
219,94,cap,R,0
220,95,own,G,1
221,95,possess,R,0
222,96,last,G,0
223,96,final,R,0
224,96,ultimate,R,0
225,97,learn,G,0
226,97,study,R,0
227,98,lucky,G,0
228,98,fortunate,R,0
229,99,hardship,G,0
230,99,suffering,G,0
231,99,misery,R,0
232,99,distress,R,0
233,100,happen,G,0
234,100,occur,R,0
235,101,shove,G,0
236,101,push,R,0
237,102,lift,G,0
238,102,elevator,R,0
239,103,regret,G,0
240,103,remorse,R,0
241,104,remark,G,0
242,104,comment,R,0
243,105,rug,G,0
244,105,carpet,R,0
245,106,shop,G,0
246,106,store,R,0
247,107,split,G,0
248,107,divide,R,0
249,108,try,G,0
250,108,attempt,R,0
251,109,restless,G,0
252,109,nervous,R,0
253,110,unlawful,G,0
254,110,illegal,R,0
255,111,worth,G,0
256,111,value,R,0
257,112,weak,G,0
258,112,feeble,R,0
259,113,win,G,0
260,113,triumph,R,0
261,113,victory,R,0
262,114,writer,G,0
263,114,author,R,0
264,115,yearly,G,0
265,115,annual,R,0
266,116,strong,G,0
267,116,powerful,R,0
268,117,shipment,G,0
269,117,delivery,R,0
270,118,breakable,G,0
271,118,fragile,R,0
272,119,fake,G,0
273,119,artificial,R,0
274,120,short,G,1
275,120,brief,R,0
276,121,helpful,G,0
277,121,beneficial,R,0
278,122,busy,G,0
279,122,occupy,R,0
280,123,buy,G,2
281,123,purchase,R,0
282,124,idle,G,0
283,124,inactive,R,0
284,125,enough,G,0
285,125,sufficient,R,0
286,126,thoughtful,G,0
287,126,considerate,R,0
288,127,mourn,G,0
289,127,grieve,R,0
290,128,legible,G,0
291,128,readable,R,0
292,129,evil,G,0
293,129,malicious,R,0
294,130,warlike,G,0
295,130,militant,R,0
296,131,boring,G,0
297,131,tedious,R,0
298,131,uninteresting,R,0
299,131,dull,G,0
300,132,sight,G,0
301,132,vision,R,0
302,133,smell,G,0
303,133,odour,R,0
304,133,scent,R,0
305,134,meadow,G,0
306,134,pasture,R,0
307,135,deadly,G,0
308,135,mortal,R,0
309,136,tired,G,0
310,136,exhausted,R,0
311,137,chat,G,0
312,137,conversation,R,0
313,137,discussion,R,0
314,138,leader,G,0
315,138,chief,R,0
316,139,understand,G,0
317,139,comprehend,R,0
318,140,hurdle,G,0
319,140,obstacle,R,0
320,141,often,G,0
321,141,frequently,R,0
322,142,flawless,G,0
323,142,perfect,R,1
324,143,flaw,G,0
325,143,defect,R,0
326,144,unbounded,G,0
327,144,unlimited,R,0
328,145,early,G,0
329,145,premature,R,0
330,146,likely,G,0
331,146,probable,R,0
332,147,hopeful,G,0
333,147,optimistic,R,0
334,148,outstanding,G,0
335,148,extraordinary,R,0
336,149,lessen,G,0
337,149,reduce,R,0
338,150,unwilling,G,0
339,150,reluctant,R,0
340,151,withstand,G,0
341,151,resist,R,0
342,152,withdraw,G,0
343,152,retreat,R,0
344,153,same,G,1
345,153,identical,R,0
346,154,meaningful,G,0
347,154,significant,R,0
348,155,steady,G,0
349,155,stable,R,0
350,156,shake,G,0
351,156,quiver,G,0
352,156,quake,G,0
353,156,vibrate,R,0
354,156,tremble,R,0
355,157,peak,G,0
356,157,top,G,0
357,157,apex,R,0
358,157,pinnacle,R,0
359,157,summit,R,0
360,158,mug,G,0
361,158,rob,R,0
362,159,sealed,G,0
363,159,impermeable,R,0
364,160,barely,G,0
365,160,hardly,G,0
366,160,scarcely,R,0
367,161,childish,G,0
368,161,juvenile,R,0
369,161,immature,R,0
370,161,infantile,R,0
371,162,thread,G,0
372,162,string,G,0
373,162,cord,R,0
374,163,outline,G,0
375,163,contour,R,0
376,164,mislead,G,0
377,164,deceive,R,0
378,165,ache,G,0
379,165,pain,R,0
380,166,enlighten,G,0
381,166,illuminate,R,0
382,167,godlike,G,0
383,167,divine,R,0
384,168,holy,G,0
385,168,sacred,R,0
386,169,mumble,G,0
387,169,mutter,G,0
388,169,murmur,R,0
389,170,hue,G,0
390,170,tint,R,0
391,171,dye,G,0
392,171,color,R,0
393,171,colour,R,0
394,172,oath,G,0
395,172,vow,R,0
396,173,heaven,G,0
397,173,paradise,R,0
398,174,fairness,G,0
399,174,impartiality,R,0
400,175,outskirts,G,0
401,175,suburb,R,0
402,176,worldwide,G,0
403,176,global,R,0
404,177,almost,G,0
405,177,nearly,G,0
406,177,virtually,R,0
407,178,doable,G,0
408,178,possible,R,2
409,179,lake,G,0
410,179,lagoon,R,0
411,180,balcony,G,0
412,180,porch,R,0
413,181,kingly,G,0
414,181,royal,R,0
415,181,majestic,R,0
416,182,broth,G,0
417,182,soup,R,0
418,183,groundless,G,0
419,183,baseless,R,0
420,184,whore,G,0
421,184,prostitute,R,0
422,185,speed,G,0
423,185,velocity,R,0
424,186,beach,G,0
425,186,shore,R,0
426,186,coast,R,0
427,187,outsider,G,0
428,187,alien,R,0
429,188,squeeze,G,0
430,188,compress,R,0
431,189,plot,G,0
432,189,conspire,R,0
433,189,scheme,R,0
434,190,build,G,0
435,190,construct,R,0
436,191,careful,G,0
437,191,cautious,R,0
438,192,gifted,G,0
439,192,talented,R,0
440,193,shape,G,0
441,193,form,R,0
442,194,lean,G,0
443,194,rely,R,0
444,195,fight,G,0
445,195,battle,R,0
446,195,combat,R,0
447,196,lack,G,0
448,196,shortage,R,0
449,196,deficiency,G,0
450,196,insufficiency,R,0
451,197,dot,G,0
452,197,point,R,0
453,198,hug,G,0
454,198,embrace,R,0
455,199,timetable,G,0
456,199,schedule,R,0
457,200,now,G,0
458,200,nowadays,G,0
459,200,currently,R,0
460,200,presently,R,0
461,201,offer,G,0
462,201,proposal,R,0
463,202,manifold,G,0
464,202,diverse,R,0
465,203,puff,G,0
466,203,blow,G,0
467,203,exhale,R,0
468,204,straightforward,G,0
469,204,simple,R,1
470,205,baby,G,0
471,205,infant,R,0
472,206,ball,G,0
473,206,sphere,R,0
474,206,globe,R,0
475,207,feeling,G,1
476,207,emotion,R,0
477,208,thrill,G,0
478,208,excitement,R,0
479,209,through,G,0
480,209,via,R,0
481,210,although,G,0
482,210,despite,R,0
483,211,trade,G,0
484,211,commerce,R,0
485,212,blockade,G,0
486,212,siege,R,0
487,213,ghost,G,0
488,213,spirit,R,0
489,214,alike,G,0
490,214,similar,R,0
491,215,shirt,G,0
492,215,blouse,R,0
493,216,spud,G,0
494,216,potato,R,0
495,217,guide,G,0
496,217,instructor,R,0
497,218,crowd,G,0
498,218,audience,R,0
499,219,riddle,G,0
500,219,enigma,R,0
501,220,shame,G,0
502,220,disgrace,R,0
503,221,heap,G,0
504,221,pile,R,0
505,222,twofold,G,0
506,222,dual,R,0
507,222,double,R,0
508,223,goods,G,0
509,223,merchandise,R,0
510,224,bewildered,G,0
511,224,confused,R,0
512,225,rocket,G,0
513,225,missile,R,0
514,226,bow,G,0
515,226,arc,R,0
516,227,unmind,G,0
517,227,overlook,G,0
518,227,ignore,R,0
519,227,disregard,R,0
520,228,spoken,G,0
521,228,oral,R,0
522,228,verbal,R,0
523,229,sink,G,0
524,229,submerge,R,0
525,230,worry,G,0
526,230,concern,R,0
527,231,busy,G,0
528,231,occupied,R,0
529,232,chat,G,0
530,232,converse,R,0
531,233,luck,G,0
532,233,fortune,R,0
