,ID,Language Variety,University,Topic,Original Code,Second Language,Date,word_count,sent_count,types_count
0,0,BrE,,French Intellectual tradition,ICLE-BR-SUR-0001.1,,March 1991,3815,211,858
1,1,BrE,,French Intellectual tradition,ICLE-BR-SUR-0002.1,,March 1991,2042,99,583
2,2,BrE,,French Intellectual tradition,ICLE-BR-SUR-0003.1,,March 1991,2983,191,656
3,3,BrE,,French Intellectual tradition,ICLE-BR-SUR-0004.1,,March 1991,3127,118,786
4,4,BrE,,French Intellectual tradition,ICLE-BR-SUR-0005.1,,March 1991,3642,193,729
5,5,BrE,,French Intellectual tradition,ICLE-BR-SUR-0006.1,,March 1991,2249,150,538
6,6,BrE,,French Intellectual tradition,ICLE-BR-SUR-0007.1,,March 1991,3013,191,640
7,7,BrE,,French Intellectual tradition,ICLE-BR-SUR-0008.1,,March 1991,2708,121,722
8,8,BrE,,French Intellectual tradition,ICLE-BR-SUR-0009.1,,March 1991,3080,192,671
9,9,BrE,,French Intellectual tradition,ICLE-BR-SUR-0010.1,,March 1991,2980,155,777
10,10,BrE,,French Intellectual tradition,ICLE-BR-SUR-0011.1,,March 1991,2822,130,682
11,11,BrE,,French Intellectual tradition,ICLE-BR-SUR-0012.1,,March 1991,1930,117,565
12,12,BrE,,French Intellectual tradition,ICLE-BR-SUR-0013.1,,March 1991,2458,149,566
13,13,BrE,,French Intellectual tradition,ICLE-BR-SUR-0014.1,,March 1991,2625,112,689
14,14,BrE,,French Intellectual tradition,ICLE-BR-SUR-0015.1,,March 1991,3262,147,682
15,15,BrE,,French Society and Institutions,ICLE-BR-SUR-0016.1,,March 1991,1111,54,389
16,16,BrE,,French Society and Institutions,ICLE-BR-SUR-0017.1,,March 1991,1032,53,329
17,17,BrE,,French Society and Institutions,ICLE-BR-SUR-0018.1,,March 1991,900,41,378
18,18,BrE,,French Society and Institutions,ICLE-BR-SUR-0019.1,,March 1991,1223,51,477
19,19,BrE,,French Society and Institutions,ICLE-BR-SUR-0020.1,,March 1991,841,51,370
20,20,BrE,,French Society and Institutions,ICLE-BR-SUR-0021.1,,March 1991,1051,57,334
21,21,BrE,,French Society and Institutions,ICLE-BR-SUR-0022.1,,March 1991,923,54,352
22,22,BrE,,French Society and Institutions,ICLE-BR-SUR-0023.1,,March 1991,1222,76,402
23,23,BrE,,French Society and Institutions,ICLE-BR-SUR-0024.1,,March 1991,1326,55,475
24,24,BrE,,French Society and Institutions,ICLE-BR-SUR-0025.1,,March 1991,843,53,295
25,25,BrE,,French Society and Institutions,ICLE-BR-SUR-0026.1,,March 1991,1194,54,394
26,26,BrE,,French Society and Institutions,ICLE-BR-SUR-0027.1,,March 1991,1364,102,444
27,27,BrE,,French Society and Institutions,ICLE-BR-SUR-0028.1,,March 1991,1099,58,391
28,28,BrE,,French Society and Institutions,ICLE-BR-SUR-0029.1,,March 1991,886,49,317
29,29,BrE,,French Society and Institutions,ICLE-BR-SUR-0030.1,,March 1991,732,35,270
30,30,BrE,,French Society and Institutions,ICLE-BR-SUR-0031.1,,March 1991,445,34,218
31,31,BrE,,French Society and Institutions,ICLE-BR-SUR-0032.1,,March 1991,1143,64,454
32,32,BrE,,French Society and Institutions,ICLE-BR-SUR-0033.1,,March 1991,1118,63,417
33,33,BrE,,French Intellectual tradition,ICLE-BR-SUR-0001.2,,March 1991,526,26,210
34,34,BrE,,French Intellectual tradition,ICLE-BR-SUR-0002.2,,March 1991,571,28,297
35,35,BrE,,French Intellectual tradition,ICLE-BR-SUR-0003.2,,March 1991,1376,62,399
36,36,BrE,,French Intellectual tradition,ICLE-BR-SUR-0004.2,,March 1991,716,24,299
37,37,BrE,,French Intellectual tradition,ICLE-BR-SUR-0005.2,,March 1991,653,27,298
38,38,BrE,,French Intellectual tradition,ICLE-BR-SUR-0006.2,,March 1991,748,41,324
39,39,BrE,,French Intellectual tradition,ICLE-BR-SUR-0007.2,,March 1991,1103,43,394
40,40,BrE,,French Intellectual tradition,ICLE-BR-SUR-0008.2,,March 1991,719,25,271
41,41,BrE,,French Intellectual tradition,ICLE-BR-SUR-0009.2,,March 1991,982,38,378
42,42,BrE,,French Intellectual tradition,ICLE-BR-SUR-0010.2,,March 1991,685,34,293
43,43,BrE,,French Intellectual tradition,ICLE-BR-SUR-0011.2,,March 1991,640,27,270
44,44,BrE,,French Intellectual tradition,ICLE-BR-SUR-0012.2,,March 1991,394,20,195
45,45,BrE,,French Intellectual tradition,ICLE-BR-SUR-0013.2,,March 1991,867,31,368
46,46,BrE,,French Intellectual tradition,ICLE-BR-SUR-0014.2,,March 1991,816,45,320
47,47,BrE,,French Intellectual tradition,ICLE-BR-SUR-0015.2,,March 1991,336,10,176
48,48,BrE,,French Intellectual tradition,ICLE-BR-SUR-0016.2,,March 1991,692,31,345
49,49,BrE,,French Intellectual tradition,ICLE-BR-SUR-0017.2,,March 1991,515,43,262
50,50,BrE,,French Intellectual tradition,ICLE-BR-SUR-0018.2,,March 1991,584,37,232
51,51,BrE,,French Intellectual tradition,ICLE-BR-SUR-0019.2,,March 1991,791,38,305
52,52,BrE,,French Intellectual tradition,ICLE-BR-SUR-0020.2,,March 1991,696,32,280
53,53,BrE,,French Intellectual tradition,ICLE-BR-SUR-0021.2,,March 1991,998,40,363
54,54,BrE,,French Intellectual tradition,ICLE-BR-SUR-0022.2,,March 1991,585,26,266
55,55,BrE,,French Intellectual tradition,ICLE-BR-SUR-0023.2,,March 1991,214,11,127
56,56,BrE,,French Intellectual tradition,ICLE-BR-SUR-0024.2,,March 1991,1030,50,496
57,57,BrE,,A single Europe: A loss of sovereignty for Britain,ICLE-BR-SUR-0001.3,,March 1991,625,22,264
58,58,BrE,,A single Europe: A loss of sovereignty for Britain,ICLE-BR-SUR-0002.3,,March 1991,470,29,211
59,59,BrE,,A single Europe: A loss of sovereignty for Britain,ICLE-BR-SUR-0003.3,,March 1991,629,22,246
60,60,BrE,,A single Europe: A loss of sovereignty for Britain,ICLE-BR-SUR-0004.3,,March 1991,535,23,254
61,61,BrE,,A single Europe: A loss of sovereignty for Britain,ICLE-BR-SUR-0005.3,,March 1991,883,33,361
62,62,BrE,,A single Europe: A loss of sovereignty for Britain,ICLE-BR-SUR-0006.3,,March 1991,621,20,272
63,63,BrE,,A single Europe: A loss of sovereignty for Britain,ICLE-BR-SUR-0007.3,,March 1991,487,25,222
64,64,BrE,,A single Europe: A loss of sovereignty for Britain,ICLE-BR-SUR-0008.3,,March 1991,677,39,262
65,65,BrE,,A single Europe: A loss of sovereignty for Britain,ICLE-BR-SUR-0009.3,,March 1991,482,13,198
66,66,BrE,,A single Europe: A loss of sovereignty for Britain,ICLE-BR-SUR-0010.3,,March 1991,526,25,256
67,67,BrE,,A single Europe: A loss of sovereignty for Britain,ICLE-BR-SUR-0011.3,,March 1991,630,27,272
68,68,BrE,,A single Europe: A loss of sovereignty for Britain,ICLE-BR-SUR-0012.3,,March 1991,489,16,219
69,69,BrE,,A single Europe: A loss of sovereignty for Britain,ICLE-BR-SUR-0013.3,,March 1991,528,26,225
70,70,BrE,,A single Europe: A loss of sovereignty for Britain,ICLE-BR-SUR-0014.3,,March 1991,659,23,231
71,71,BrE,,A single Europe: A loss of sovereignty for Britain,ICLE-BR-SUR-0015.3,,March 1991,612,20,246
72,72,BrE,,A single Europe: A loss of sovereignty for Britain,ICLE-BR-SUR-0016.3,,March 1991,501,16,239
73,73,BrE,,A single Europe: A loss of sovereignty for Britain,ICLE-BR-SUR-0017.3,,March 1991,656,31,285
74,74,BrE,,A single Europe: A loss of sovereignty for Britain,ICLE-BR-SUR-0018.3,,March 1991,549,24,236
75,75,BrE,,A single Europe: A loss of sovereignty for Britain,ICLE-BR-SUR-0019.3,,March 1991,552,22,246
76,76,BrE,,A single Europe: A loss of sovereignty for Britain,ICLE-BR-SUR-0020.3,,March 1991,736,27,265
77,77,BrE,,A single Europe: A loss of sovereignty for Britain,ICLE-BR-SUR-0021.3,,March 1991,634,33,288
78,78,BrE,,A single Europe: A loss of sovereignty for Britain,ICLE-BR-SUR-0022.3,,March 1991,661,22,267
79,79,BrE,,A single Europe: A loss of sovereignty for Britain,ICLE-BR-SUR-0023.3,,March 1991,519,20,233
80,80,BrE,,A single Europe: A loss of sovereignty for Britain,ICLE-BR-SUR-0024.3,,March 1991,639,21,282
81,81,BrE,,A single Europe: A loss of sovereignty for Britain,ICLE-BR-SUR-0025.3,,March 1991,475,18,215
82,82,BrE,,A single Europe: A loss of sovereignty for Britain,ICLE-BR-SUR-0026.3,,March 1991,532,24,259
83,83,BrE,,A single Europe: A loss of sovereignty for Britain,ICLE-BR-SUR-0027.3,,March 1991,498,27,230
84,84,BrE,,A single Europe: A loss of sovereignty for Britain,ICLE-BR-SUR-0028.3,,March 1991,617,30,237
85,85,BrE,,A single Europe: A loss of sovereignty for Britain,ICLE-BR-SUR-0029.3,,March 1991,378,17,190
86,86,BrE,,A single Europe: A loss of sovereignty for Britain,ICLE-BR-SUR-0030.3,,March 1991,528,21,207
87,87,BrE,,A single Europe: A loss of sovereignty for Britain,ICLE-BR-SUR-0031.3,,March 1991,442,24,195
88,88,BrE,,A single Europe: A loss of sovereignty for Britain,ICLE-BR-SUR-0032.3,,March 1991,559,44,227
89,89,BrE,,A single Europe: A loss of sovereignty for Britain,ICLE-BR-SUR-0033.3,,March 1991,737,27,329
90,90,AmE,IND,Money is the root of all evil,ICLE-US-IND-0001.1,English only,March 1995,596,37,257
91,91,AmE,IND,Crime does not pay,ICLE-US-IND-0002.1,English only,March 1995,526,38,202
92,92,AmE,IND,A man / woman’s financial reward should be commensurate with their contribution to the society in which they live,ICLE-US-IND-0003.1,English only,March 1995,387,14,172
93,93,AmE,IND,A man / woman’s financial reward should be commensurate with their contribution to the society in which they live,ICLE-US-IND-0004.1,English only,March 1995,641,28,273
94,94,AmE,IND,Money is the root of all evil,ICLE-US-IND-0005.1,English only,March 1995,377,19,174
95,95,AmE,IND,A man / woman’s financial reward should be commensurate with their contribution to the society in which they live,ICLE-US-IND-0006.1,English only,March 1995,499,41,239
96,96,AmE,IND,Crime does not pay,ICLE-US-IND-0007.1,English only,March 1995,508,34,216
97,97,AmE,IND,Money is the root of all evil,ICLE-US-IND-0008.1,English only,March 1995,475,34,205
98,98,AmE,IND,Crime does not pay,ICLE-US-IND-0009.1,English only,March 1995,512,26,244
99,99,AmE,IND,A man / woman’s financial reward should be commensurate with their contribution to the society in which they live,ICLE-US-IND-0010.1,English only,March 1995,479,36,198
100,100,AmE,IND,A man / woman’s financial reward should be commensurate with their contribution to the society in which they live,ICLE-US-IND-0011.1,English only,March 1995,461,22,211
101,101,AmE,IND,Crime does not pay,ICLE-US-IND-0012.1,English only,March 1995,563,32,273
102,102,AmE,IND,Feminists have done more harm to the cause of women than good,ICLE-US-IND-0013.1,English only,March 1995,528,37,175
103,103,AmE,IND,Crime does not pay,ICLE-US-IND-0014.1,English only,March 1995,808,31,300
104,104,AmE,IND,Money is the root of all evil,ICLE-US-IND-0015.1,English only,March 1995,321,19,150
105,105,AmE,IND,Feminists have done more harm to the cause of women than good,ICLE-US-IND-0016.1,English only,March 1995,614,25,252
106,106,AmE,IND,Crime does not pay,ICLE-US-IND-0017.1,English only,March 1995,409,22,168
107,107,AmE,IND,Crime does not pay,ICLE-US-IND-0018.1,English only,March 1995,768,50,304
108,108,AmE,IND,Crime does not pay,ICLE-US-IND-0019.1,English only,March 1995,733,36,236
109,109,AmE,IND,Feminists have done more harm to the cause of women than good,ICLE-US-IND-0020.1,English only,March 1995,770,39,280
110,110,AmE,IND,Feminists have done more harm to the cause of women than good,ICLE-US-IND-0021.1,English only,March 1995,423,27,207
111,111,AmE,IND,Feminists have done more harm to the cause of women than good,ICLE-US-IND-0023.1,English only,March 1995,372,17,195
112,112,AmE,IND,Money is the root of all evil,ICLE-US-IND-0024.1,English only,March 1995,343,20,143
113,113,AmE,IND,Money is the root of all evil,ICLE-US-IND-0025.1,English only,March 1995,334,26,144
114,114,AmE,IND,Money is the root of all evil,ICLE-US-IND-0026.1,English only,March 1995,332,29,122
115,115,AmE,IND,Crime does not pay,ICLE-US-IND-0027.1,English only,March 1995,403,23,171
116,116,AmE,IND,Crime does not pay,ICLE-US-IND-0028.1,English only,March 1995,528,33,260
117,117,AmE,MCH,Great inventions and discoveries of 20th century and their impact on people’s lives,ICLE-US-MICH-0001.1,English only,,513,36,225
118,118,AmE,MCH,Great inventions and discoveries of 20th century and their impact on people’s lives,ICLE-US-MICH-0002.1,English only,,234,16,131
119,119,AmE,MCH,Great inventions and discoveries of 20th century and their impact on people’s lives,ICLE-US-MICH-0003.1,English only,,436,28,198
120,120,AmE,MCH,Great inventions and discoveries of 20th century and their impact on people’s lives,ICLE-US-MICH-0004.1,English only,,347,20,182
121,121,AmE,MCH,Great inventions and discoveries of 20th century and their impact on people’s lives,ICLE-US-MICH-0005.1,English only,,211,9,123
122,122,AmE,MCH,Great inventions and discoveries of 20th century and their impact on people’s lives,ICLE-US-MICH-0006.1,English only,,424,20,198
123,123,AmE,MCH,Great inventions and discoveries of 20th century and their impact on people’s lives,ICLE-US-MICH-0007.1,English only,,341,29,129
124,124,AmE,MCH,Great inventions and discoveries of 20th century and their impact on people’s lives,ICLE-US-MICH-0008.1,English only,,424,33,196
125,125,AmE,MCH,Great inventions and discoveries of 20th century and their impact on people’s lives,ICLE-US-MICH-0009.1,English only,,554,35,209
126,126,AmE,MCH,Great inventions and discoveries of 20th century and their impact on people’s lives,ICLE-US-MICH-0010.1,English only,,462,21,204
127,127,AmE,MCH,Great inventions and discoveries of 20th century and their impact on people’s lives,ICLE-US-MICH-0011.1,English only,,372,21,177
128,128,AmE,MCH,Great inventions and discoveries of 20th century and their impact on people’s lives,ICLE-US-MICH-0012.1,English only,,420,28,193
129,129,AmE,MCH,Great inventions and discoveries of 20th century and their impact on people’s lives,ICLE-US-MICH-0013.1,English only,,282,19,153
130,130,AmE,MCH,Great inventions and discoveries of 20th century and their impact on people’s lives,ICLE-US-MICH-0014.1,English only,,384,16,218
131,131,AmE,MCH,Great inventions and discoveries of 20th century and their impact on people’s lives,ICLE-US-MICH-0015.1,English only,,325,16,141
132,132,AmE,MCH,Great inventions and discoveries of 20th century and their impact on people’s lives,ICLE-US-MICH-0016.1,English only,,485,30,207
133,133,AmE,MCH,Great inventions and discoveries of 20th century and their impact on people’s lives,ICLE-US-MICH-0017.1,English only,,335,21,168
134,134,AmE,MCH,Great inventions and discoveries of 20th century and their impact on people’s lives,ICLE-US-MICH-0018.1,English only,,453,26,179
135,135,AmE,MCH,Great inventions and discoveries of 20th century and their impact on people’s lives,ICLE-US-MICH-0019.1,English only,,277,19,138
136,136,AmE,MCH,Great inventions and discoveries of 20th century and their impact on people’s lives,ICLE-US-MICH-0020.1,English only,,389,27,180
137,137,AmE,MCH,Great inventions and discoveries of 20th century and their impact on people’s lives,ICLE-US-MICH-0021.1,English only,,313,19,133
138,138,AmE,MCH,Great inventions and discoveries of 20th century and their impact on people’s lives,ICLE-US-MICH-0022.1,English only,,404,27,189
139,139,AmE,MCH,Great inventions and discoveries of 20th century and their impact on people’s lives,ICLE-US-MICH-0023.1,Spanish,,537,35,247
140,140,AmE,MCH,Great inventions and discoveries of 20th century and their impact on people’s lives,ICLE-US-MICH-0024.1,French,,483,26,221
141,141,AmE,MCH,Great inventions and discoveries of 20th century and their impact on people’s lives,ICLE-US-MICH-0025.1,English only,,454,23,214
142,142,AmE,MCH,Great inventions and discoveries of 20th century and their impact on people’s lives,ICLE-US-MICH-0026.1,English only,,572,28,200
143,143,AmE,MCH,Great inventions and discoveries of 20th century and their impact on people’s lives,ICLE-US-MICH-0027.1,English only,,544,34,242
144,144,AmE,MCH,Great inventions and discoveries of 20th century and their impact on people’s lives,ICLE-US-MICH-0029.1,English only,,403,29,180
145,145,AmE,MCH,Great inventions and discoveries of 20th century and their impact on people’s lives,ICLE-US-MICH-0031.1,English only,,393,20,157
146,146,AmE,MCH,Great inventions and discoveries of 20th century and their impact on people’s lives,ICLE-US-MICH-0032.1,English only,,309,18,148
147,147,AmE,MCH,Great inventions and discoveries of 20th century and their impact on people’s lives,ICLE-US-MICH-0033.1,English only,,346,22,166
148,148,AmE,MCH,Great inventions and discoveries of 20th century and their impact on people’s lives,ICLE-US-MICH-0034.1,Spanish,,433,26,200
149,149,AmE,MCH,Great inventions and discoveries of 20th century and their impact on people’s lives,ICLE-US-MICH-0035.1,English only,,309,15,141
150,150,AmE,MCH,Great inventions and discoveries of 20th century and their impact on people’s lives,ICLE-US-MICH-0036.1,English only,,407,34,171
151,151,AmE,MCH,Great inventions and discoveries of 20th century and their impact on people’s lives,ICLE-US-MICH-0037.1,English only,,413,22,178
152,152,AmE,MCH,Great inventions and discoveries of 20th century and their impact on people’s lives,ICLE-US-MICH-0038.1,English only,,297,18,154
153,153,AmE,MCH,Great inventions and discoveries of 20th century and their impact on people’s lives,ICLE-US-MICH-0039.1,English only,,297,19,152
154,154,AmE,MCH,Great inventions and discoveries of 20th century and their impact on people’s lives,ICLE-US-MICH-0040.1,English only,,377,14,190
155,155,AmE,MCH,Great inventions and discoveries of 20th century and their impact on people’s lives,ICLE-US-MICH-0041.1,English only,,430,32,220
156,156,AmE,MCH,Great inventions and discoveries of 20th century and their impact on people’s lives,ICLE-US-MICH-0042.1,English only,,376,26,183
157,157,AmE,MCH,Great inventions and discoveries of 20th century and their impact on people’s lives,ICLE-US-MICH-0043.1,English only,,324,24,150
158,158,AmE,MCH,Great inventions and discoveries of 20th century and their impact on people’s lives,ICLE-US-MICH-0044.1,English only,,255,15,139
159,159,AmE,MCH,Great inventions and discoveries of 20th century and their impact on people’s lives,ICLE-US-MICH-0045.1,English only,,383,26,171
160,160,AmE,MRQ,Controversy in the classroom,ICLE-US-MRQ-0001.1,English only,March 1995,1408,72,420
161,161,AmE,MRQ,Euthanasia,ICLE-US-MRQ-0002.1,English only,March 1995,985,62,309
162,162,AmE,MRQ,Capital punishment,ICLE-US-MRQ-0003.1,English only,March 1995,1212,71,334
163,163,AmE,MRQ,Does affirmative action work,ICLE-US-MRQ-0004.1,English only,March 1995,1180,70,402
164,164,AmE,MRQ,Yoga,ICLE-US-MRQ-0005.1,English only,March 1995,1644,79,447
165,165,AmE,MRQ,Nuclear power,ICLE-US-MRQ-0006.1,English only,March 1995,1423,68,452
166,166,AmE,MRQ,Values and consequences of school integration,ICLE-US-MRQ-0007.1,English only,March 1995,1185,49,404
167,167,AmE,MRQ,Pride or segregation,ICLE-US-MRQ-0008.1,English only,March 1995,1290,73,381
168,168,AmE,MRQ,Surrogate motherhood,ICLE-US-MRQ-0009.1,English only,March 1995,726,46,228
169,169,AmE,MRQ,Can we afford wellness,ICLE-US-MRQ-0010.1,English only,March 1995,895,50,379
170,170,AmE,MRQ,Capital punishment,ICLE-US-MRQ-0011.1,English only,March 1995,1221,74,358
171,171,AmE,MRQ,Prozac: the wonder drug,ICLE-US-MRQ-0012.1,English only,March 1995,784,58,345
172,172,AmE,MRQ,Homosexuality,ICLE-US-MRQ-0013.1,English only,March 1995,833,53,297
173,173,AmE,MRQ,Mandatory drug testing of athletes,ICLE-US-MRQ-0014.1,English only,March 1995,1153,71,411
174,174,AmE,MRQ,Prayer in schools,ICLE-US-MRQ-0015.1,English only,March 1995,1062,66,288
175,175,AmE,MRQ,Capital punishment,ICLE-US-MRQ-0016.1,English only,March 1995,1099,55,327
176,176,AmE,MRQ,Prayer in schools,ICLE-US-MRQ-0017.1,English only,March 1995,1581,84,487
177,177,AmE,MRQ,Prayer in schools,ICLE-US-MRQ-0018.1,English only,March 1995,1296,66,378
178,178,AmE,MRQ,Animal testing,ICLE-US-MRQ-0019.1,English only,March 1995,1449,92,474
179,179,AmE,MRQ,Sex equality,ICLE-US-MRQ-0020.1,English only,March 1995,1185,79,388
180,180,AmE,MRQ,AIDS,ICLE-US-MRQ-0021.1,English only,March 1995,897,54,338
181,181,AmE,MRQ,Prayer in schools,ICLE-US-MRQ-0022.1,English only,March 1995,899,54,354
182,182,AmE,MRQ,AIDS,ICLE-US-MRQ-0023.1,English only,March 1995,1482,82,507
183,183,AmE,MRQ,Orphanages,ICLE-US-MRQ-0024.1,English only,March 1995,963,61,345
184,184,AmE,MRQ,Profit: good or evil,ICLE-US-MRQ-0025.1,English only,March 1995,1035,52,340
185,185,AmE,MRQ,Prayer in schools,ICLE-US-MRQ-0026.1,English only,March 1995,1314,83,350
186,186,AmE,MRQ,Freedom of the press,ICLE-US-MRQ-0027.1,English only,March 1995,792,41,308
187,187,AmE,MRQ,Sex in schools,ICLE-US-MRQ-0028.1,English only,March 1995,924,66,326
188,188,AmE,MRQ,Right to refuse lifesaving treatment,ICLE-US-MRQ-0029.1,English only,March 1995,858,74,291
189,189,AmE,MRQ,Welfare reforms needs a return to family values,ICLE-US-MRQ-0030.1,English only,March 1995,1247,65,425
190,190,AmE,MRQ,The cost of grass,ICLE-US-MRQ-0031.1,English only,March 1995,1411,113,458
191,191,AmE,MRQ,Adoption,ICLE-US-MRQ-0032.1,English only,March 1995,1281,85,402
192,192,AmE,MRQ,Euthanasia,ICLE-US-MRQ-0033.1,English only,March 1995,1604,79,417
193,193,AmE,MRQ,Freedom of the press,ICLE-US-MRQ-0034.1,English only,March 1995,1097,61,316
194,194,AmE,MRQ,Abortion,ICLE-US-MRQ-0035.1,English only,March 1995,1115,56,362
195,195,AmE,MRQ,Can we afford wellness,ICLE-US-MRQ-0036.1,English only,March 1995,1374,69,470
196,196,AmE,MRQ,Euthanasia,ICLE-US-MRQ-0037.1,English only,March 1995,1510,67,415
197,197,AmE,MRQ,Corporal punishment in schools,ICLE-US-MRQ-0038.1,English only,March 1995,811,56,298
198,198,AmE,MRQ,Freedom of the press,ICLE-US-MRQ-0039.1,English only,March 1995,1942,72,515
199,199,AmE,MRQ,Ethical considerations of genetic research,ICLE-US-MRQ-0040.1,English only,March 1995,1235,74,369
200,200,AmE,MRQ,Would anyone care for a drink?,ICLE-US-MRQ-0041.1,English only,March 1995,1703,91,440
201,201,AmE,MRQ,Sex in schools,ICLE-US-MRQ-0042,English only,March 1995,859,45,343
202,202,AmE,MRQ,Adoption,ICLE-US-MRQ-0043.1,English only,March 1995,1613,102,430
203,203,AmE,MRQ,Cheating in colleges,ICLE-US-MRQ-0044.1,English only,March 1995,780,61,288
204,204,AmE,MRQ,O.J. Simpson,ICLE-US-MRQ-0045.1,English only,March 1995,1516,72,440
205,205,AmE,MRQ,Suicide,ICLE-US-MRQ-0046,English only,March 1995,1623,106,409
206,206,AmE,PRB,Adolescent suicide,ICLE-US-PRB-0034.2,English only,March 1995,1222,65,366
207,207,AmE,PRB,Water pollution,ICLE-US-PRB-0035.2,English only,March 1995,1486,88,457
208,208,AmE,PRB,Legalization of marijuana,ICLE-US-PRB-0036.2,English only,March 1995,2379,135,761
209,209,AmE,PRB,Homelessness,ICLE-US-PRB-0037.2,English only,March 1995,2965,205,701
210,210,AmE,PRB,The welfare system,ICLE-US-PRB-0038.2,English only,March 1995,2920,169,807
211,211,AmE,PRB,Divorce,ICLE-US-PRB-0039.2,English only,March 1995,1936,156,508
212,212,AmE,SCU,Football,ICLE-US-SCU-0001.1,English only,April 1995,1101,64,305
213,213,AmE,SCU,Gender roles in our society,ICLE-US-SCU-0002.1,English only,April 1995,886,43,351
214,214,AmE,SCU,Gender roles in our society,ICLE-US-SCU-0003.1,Yorube,April 1995,664,40,269
215,215,AmE,SCU,Gender roles in our society,ICLE-US-SCU-0004.1,English only,April 1995,834,50,254
216,216,AmE,SCU,Gender roles in our society,ICLE-US-SCU-0005.1,English only,April 1995,1001,63,369
217,217,AmE,SCU,Gender roles in our society,ICLE-US-SCU-0006.1,English only,April 1995,1382,62,428
218,218,AmE,SCU,The Confederate Flag,ICLE-US-SCU-0001.2,English only,November 1995/December 1995,777,53,215
219,219,AmE,SCU,Rules and regulations,ICLE-US-SCU-0002.2,English only,November 1995/December 1995,1417,93,337
220,220,AmE,SCU,Capital punishment,ICLE-US-SCU-0003.2,English only,November 1995/December 1995,826,47,305
221,221,AmE,SCU,Portrayal of women in fashion magazines,ICLE-US-SCU-0004.2,English only,November 1995/December 1995,1079,59,383
222,222,AmE,SCU,Legalization of marijuana,ICLE-US-SCU-0005.2,English only,November 1995/December 1995,987,76,318
223,223,AmE,SCU,Gender roles,ICLE-US-SCU-0006.2,English only,November 1995/December 1995,1364,91,389
224,224,AmE,SCU,Teachers deserve recognition and reward,ICLE-US-SCU-0007.2,English only,November 1995/December 1995,1127,76,278
225,225,AmE,SCU,Salary caps,ICLE-US-SCU-0008.2,English only,November 1995/December 1995,1296,81,284
226,226,AmE,SCU,Sex in the Media,ICLE-US-SCU-0009.2,English only,November 1995/December 1995,864,62,266
227,227,AmE,SCU,Sex in the Media,ICLE-US-SCU-0010.2,English only,November 1995/December 1995,1248,61,310
228,228,AmE,SCU,Legalization of marijuana,ICLE-US-SCU-0011.2,English only,November 1995/December 1995,839,51,273
229,229,AmE,SCU,Euthanasia,ICLE-US-SCU-0012.2,English only,November 1995/December 1995,1002,59,356
230,230,AmE,SCU,Legalization of marijuana,ICLE-US-SCU-0013.2,English only,November 1995/December 1995,741,45,277
231,231,AmE,SCU,Gender roles,ICLE-US-SCU-0014.2,English only,November 1995/December 1995,1596,91,391
232,232,AmE,SCU,Gender roles,ICLE-US-SCU-0015.2,English only,November 1995/December 1995,1575,101,436
233,233,AmE,SCU,The Confederate Flag,ICLE-US-SCU-0016.2,English only,November 1995/December 1995,1150,74,475
234,234,AmE,SCU,US government,ICLE-US-SCU-0017.2,English only,November 1995/December 1995,1127,93,330
235,235,AmE,SCU,Premarital sex,ICLE-US-SCU-0001.3,English only,November 1995/December 1995,1470,72,520
236,236,AmE,SCU,Football,ICLE-US-SCU-0002.3,English only,November 1995/December 1995,2458,123,433
237,237,AmE,SCU,Drinking age,ICLE-US-SCU-0003.3,English only,November 1995/December 1995,1101,74,272
238,238,AmE,SCU,Talk shows,ICLE-US-SCU-0004.3,English only,November 1995/December 1995,737,45,289
239,239,AmE,SCU,Professors that don’t speak English shouldn’t teach English speaking students,ICLE-US-SCU-0005.3,English only,November 1995/December 1995,1266,74,362
240,240,AmE,SCU,Welfare,ICLE-US-SCU-0006.3,English only,November 1995/December 1995,926,52,293
241,241,AmE,SCU,Vilolence on television,ICLE-US-SCU-0007.3,English only,November 1995/December 1995,461,28,220
242,242,AmE,SCU,Gun control,ICLE-US-SCU-0008.3,English only,November 1995/December 1995,1216,72,450
243,243,AmE,SCU,Portrayal of women in fashion magazines,ICLE-US-SCU-0009.3,English only,November 1995/December 1995,1153,68,406
244,244,AmE,SCU,Recycling,ICLE-US-SCU-0010.3,English only,November 1995/December 1995,1288,87,460
245,245,AmE,SCU,Gun control,ICLE-US-SCU-0011.3,English only,November 1995/December 1995,1037,55,397
246,246,AmE,SCU,The wild card and its effect on Baseball,ICLE-US-SCU-0012.3,English only,November 1995/December 1995,1469,70,354
247,247,AmE,SCU,Journalists should not reveal their sources,ICLE-US-SCU-0013.3,English only,November 1995/December 1995,1681,97,508
248,248,AmE,SCU,Gender roles,ICLE-US-SCU-0001.4,English only,November 1995,841,34,251
249,249,AmE,SCU,Rules and regulations,ICLE-US-SCU-0002.4,English only,November 1995,856,43,248
250,250,AmE,SCU,Sink or Swim,ICLE-US-SCU-0003.4,English only,November 1995,730,45,256
251,251,AmE,SCU,Drinking age,ICLE-US-SCU-0004.4,English only,November 1995,473,28,156
252,252,AmE,SCU,Should the Browns stay in Cleveland?,ICLE-US-SCU-0005.4,English only,November 1995,806,46,302
253,253,AmE,SCU,Curfew,ICLE-US-SCU-0006.4,English only,November 1995,657,53,232
254,254,AmE,SCU,Government support for the Arts,ICLE-US-SCU-0007.4,English only,November 1995,958,57,388
255,255,AmE,SCU,Abortion,ICLE-US-SCU-0008.4,English only,November 1995,1203,63,356
256,256,AmE,SCU,Abortion,ICLE-US-SCU-009.4,English only,November 1995,584,37,233
257,257,AmE,SCU,Stereotyping the colours pink and blue,ICLE-US-SCU-0010.4,English only,November 1995,496,40,149
258,258,AmE,SCU,Capital punishment,ICLE-US-SCU-0011.4,English only,November 1995,911,46,325
259,259,AmE,SCU,The media’s right to know,ICLE-US-SCU-0012.4,English only,November 1995,1123,70,390
260,260,AmE,SCU,Women in combat,ICLE-US-SCU-0013.4,English only,November 1995,635,44,235
261,261,AmE,SCU,Legalization of marijuana,ICLE-US-SCU-0014.4,English only,November 1995,726,43,311
262,262,AmE,SCU,Bookbanning in America,ICLE-US-SCU-0015.4,English only,November 1995,750,37,321
263,263,AmE,SCU,Frivolous lawsuits,ICLE-US-SCU-0016.4,English only,November 1995,771,49,296
264,264,AmE,SCU,Abortion,ICLE-US-SCU-0017.4,English only,November 1995,452,36,204
265,265,AmE,PRB,An Aspect of Studying Ethnic American Literature,ICLE-US-PRB-0001.1,,April 1995,695,24,259
266,266,AmE,PRB,An Aspect of Studying Ethnic American Literature,ICLE-US-PRB-0002.1,,April 1995,485,32,248
267,267,AmE,PRB,An Aspect of Studying Ethnic American Literature,ICLE-US-PRB-0003.1,,April 1995,686,31,226
268,268,AmE,PRB,An Aspect of Studying Ethnic American Literature,ICLE-US-PRB-0004.1,,April 1995,536,47,223
269,269,AmE,PRB,An Aspect of Studying Ethnic American Literature,ICLE-US-PRB-0005.1,,April 1995,622,38,277
270,270,AmE,PRB,An Aspect of Studying Ethnic American Literature,ICLE-US-PRB-0006.1,,April 1995,436,24,179
271,271,AmE,PRB,An Aspect of Studying Ethnic American Literature,ICLE-US-PRB-0007.1,,April 1995,0,0,0
272,272,AmE,PRB,An Aspect of Studying Ethnic American Literature,ICLE-US-PRB-0008.1,,April 1995,648,37,222
273,273,AmE,PRB,An Aspect of Studying Ethnic American Literature,ICLE-US-PRB-0009.1,,April 1995,614,35,266
274,274,AmE,PRB,An Aspect of Studying Ethnic American Literature,ICLE-US-PRB-0010.1,,April 1995,591,37,208
275,275,AmE,PRB,An Aspect of Studying Ethnic American Literature,ICLE-US-PRB-0011.1,,April 1995,536,35,201
276,276,AmE,PRB,An Aspect of Studying Ethnic American Literature,ICLE-US-PRB-0012.1,,April 1995,365,10,164
277,277,AmE,PRB,An Aspect of Studying Ethnic American Literature,ICLE-US-PRB-0013.1,,April 1995,421,24,202
278,278,AmE,PRB,An Aspect of Studying Ethnic American Literature,ICLE-US-PRB-0014.1,,April 1995,568,28,221
279,279,AmE,PRB,An Aspect of Studying Ethnic American Literature,ICLE-US-PRB-0015.1,,April 1995,711,40,268
280,280,AmE,PRB,An Aspect of Studying Ethnic American Literature,ICLE-US-PRB-0016.1,,April 1995,766,32,341
281,281,AmE,PRB,An Aspect of Studying Ethnic American Literature,ICLE-US-PRB-0017.1,,April 1995,686,30,262
282,282,AmE,PRB,What is an appropriate label for Voltaire’s Candide?,ICLE-US-PRB-0018.1,English only,February 1995,643,37,248
283,283,AmE,PRB,What is an appropriate label for Voltaire’s Candide?,ICLE-US-PRB-0019.1,English only,February 1995,473,36,232
284,284,AmE,PRB,What is an appropriate label for Voltaire’s Candide?,ICLE-US-PRB-0020.1,English only,February 1995,560,37,237
285,285,AmE,PRB,What is an appropriate label for Voltaire’s Candide?,ICLE-US-PRB-0021.1,English only,February 1995,474,43,210
286,286,AmE,PRB,What is an appropriate label for Voltaire’s Candide?,ICLE-US-PRB-0022.1,English only,February 1995,508,26,236
287,287,AmE,PRB,What is an appropriate label for Voltaire’s Candide?,ICLE-US-PRB-0023.1,English only,February 1995,780,51,323
288,288,AmE,PRB,Who is Hamlet?,ICLE-US-PRB-0024.1,English only,February 1995,577,40,206
289,289,AmE,PRB,What is an appropriate label for Voltaire’s Candide?,ICLE-US-PRB-0025.1,English only,February 1995,478,27,209
290,290,AmE,PRB,Aspects of Social Psychology,ICLE-US-PRB-0026.1,,April 1995,1037,75,326
291,291,AmE,PRB,Aspects of Social Psychology,ICLE-US-PRB-0027.1,,April 1995,255,24,127
292,292,AmE,PRB,Aspects of Social Psychology,ICLE-US-PRB-0028.1,,April 1995,831,42,319
293,293,AmE,PRB,Aspects of Social Psychology,ICLE-US-PRB-0029.1,,April 1995,886,73,313
294,294,AmE,PRB,Aspects of Social Psychology,ICLE-US-PRB-0030.1,,April 1995,612,30,246
295,295,AmE,PRB,Aspects of Social Psychology,ICLE-US-PRB-0031.1,,April 1995,502,36,244
296,296,AmE,PRB,Aspects of Social Psychology,ICLE-US-PRB-0032.1,,April 1995,432,23,201
297,297,AmE,PRB,Aspects of Social Psychology,ICLE-US-PRB-0033.1,,April 1995,648,39,280
298,298,BrE,,Transport,alevels1/01,,,222,12,128
299,299,BrE,,Transport,alevels1/02,,,724,51,302
300,300,BrE,,Transport,alevels1/03,,,657,42,276
301,301,BrE,,Transport,alevels1/04,,,638,49,271
302,302,BrE,,Transport,alevels1/05,,,574,32,226
303,303,BrE,,Transport,alevels1/06,,,585,43,275
304,304,BrE,,Transport,alevels1/07,,,902,40,339
305,305,BrE,,Transport,alevels1/08,,,599,33,269
306,306,BrE,,Transport,alevels1/09,,,924,58,349
307,307,BrE,,Transport,alevels1/10,,,438,28,205
308,308,BrE,,Transport,alevels1/11,,,423,32,215
309,309,BrE,,Transport,alevels1/12,,,357,15,167
310,310,BrE,,Transport,alevels1/13,,,428,19,181
311,311,BrE,,Transport,alevels1/14,,,380,19,194
312,312,BrE,,Transport,alevels1/15,,,338,22,154
313,313,BrE,,Transport,alevels1/16,,,463,28,205
314,314,BrE,,Parliamentary system,alevels2/01,,,1180,66,383
315,315,BrE,,Parliamentary system,alevels2/02,,,316,18,142
316,316,BrE,,Fox Hunting,alevels3/FH01,,,511,34,223
317,317,BrE,,Fox Hunting,alevels3/FH02,,,522,35,203
318,318,BrE,,Fox Hunting,alevels3/FH03,,,509,33,200
319,319,BrE,,Fox Hunting,alevels3/FH04,,,377,20,184
320,320,BrE,,Fox Hunting,alevels3/FH05,,,470,27,157
321,321,BrE,,Fox Hunting,alevels3/FH06,,,552,36,241
322,322,BrE,,Boxing,alevels4/B01,,,294,15,146
323,323,BrE,,Boxing,alevels4/B02,,,494,23,240
324,324,BrE,,Boxing,alevels4/B03,,,636,35,222
325,325,BrE,,Boxing,alevels4/BO4,,,360,20,179
326,326,BrE,,Boxing,alevels4/B05,,,346,15,161
327,327,BrE,,Boxing,alevels4/B06,,,872,41,353
328,328,BrE,,Boxing,alevels4/B07,,,385,19,192
329,329,BrE,,Boxing,alevels4/B08,,,666,39,276
330,330,BrE,,Boxing,alevels4/B09,,,760,38,333
331,331,BrE,,Boxing,alevels4/B10,,,714,40,289
332,332,BrE,,Boxing,alevels4/B11,,,668,33,267
333,333,BrE,,Boxing,alevels4/B12,,,505,24,213
334,334,BrE,,Boxing,alevels4/B13,,,421,21,202
335,335,BrE,,Boxing,alevels4/B14,,,408,27,210
336,336,BrE,,Boxing,alevels4/B15,,,766,44,278
337,337,BrE,,National Lottery,alevels5/001,,,706,39,259
338,338,BrE,,National Lottery,alevels5/002,,,754,35,276
339,339,BrE,,National Lottery,alevels5/003,,,744,37,277
340,340,BrE,,National Lottery,alevels5/004,,,609,31,285
341,341,BrE,,National Lottery,alevels5/005,,,398,26,189
342,342,BrE,,National Lottery,alevels5/006,,,897,52,340
343,343,BrE,,National Lottery,alevels5/007,,,505,25,198
344,344,BrE,,National Lottery,alevels5/008,,,535,23,228
345,345,BrE,,National Lottery,alevels5/009,,,450,22,204
346,346,BrE,,National Lottery,alevels5/010,,,685,39,271
347,347,BrE,,National Lottery,alevels5/011,,,568,27,245
348,348,BrE,,National Lottery,alevels5/012,,,660,31,268
349,349,BrE,,Has the invention of the computer made the human brain redundant?,ICLE-ALEV-0001.6,,,458,33,193
350,350,BrE,,Has the invention of the computer made the human brain redundant?,ICLE-ALEV-0002.6,,,620,30,263
351,351,BrE,,Has the invention of the computer made the human brain redundant?,ICLE-ALEV-0003.6,,,261,18,119
352,352,BrE,,Has the invention of the computer made the human brain redundant?,ICLE-ALEV-0004.6,,,550,24,239
353,353,BrE,,Has the invention of the computer made the human brain redundant?,ICLE-ALEV-0005.6,,,468,19,217
354,354,BrE,,Has the invention of the computer made the human brain redundant?,ICLE-ALEV-0006.6,,,571,26,208
355,355,BrE,,Has the invention of the computer made the human brain redundant?,ICLE-ALEV-0007.6,,,312,20,162
356,356,BrE,,Has the invention of the computer made the human brain redundant?,ICLE-ALEV-0008.6,,,494,34,229
357,357,BrE,,Has the invention of the computer made the human brain redundant?,ICLE-ALEV-0009.6,,,319,16,152
358,358,BrE,,Has the invention of the computer made the human brain redundant?,ICLE-ALEV-0010.6,,,701,37,285
359,359,BrE,,The consumption of beef in the UK,ICLE-ALEV-0001.7,,,620,25,237
360,360,BrE,,The consumption of beef in the UK,ICLE-ALEV-0002.7,,,440,22,192
361,361,BrE,,The consumption of beef in the UK,ICLE-ALEV-0003.7,,,512,20,251
362,362,BrE,,The consumption of beef in the UK,ICLE-ALEV-0004.7,,,741,40,323
363,363,BrE,,The consumption of beef in the UK,ICLE-ALEV-0005.7,,,375,28,171
364,364,BrE,,The consumption of beef in the UK,ICLE-ALEV-0006.7,,,367,26,177
365,365,BrE,,The consumption of beef in the UK,ICLE-ALEV-0007.7,,,407,20,190
366,366,BrE,,The consumption of beef in the UK,ICLE-ALEV-0008.7,,,367,23,180
367,367,BrE,,Monarchy,ICLE-ALEV-0009.7,,,719,35,292
368,368,BrE,,Monarchy,ICLE-ALEV-0010.7,,,670,40,308
369,369,BrE,,Monarchy,ICLE-ALEV-0001.8,,,185,15,77
370,370,BrE,,Monarchy,ICLE-ALEV-0002.8,,,280,18,151
371,371,BrE,,Monarchy,ICLE-ALEV-0003.8,,,501,26,197
372,372,BrE,,In vitro fertilisation,ICLE-ALEV-0004.8,,,919,42,295
373,373,BrE,,In vitro fertilisation,ICLE-ALEV-0005.8,,,546,30,208
374,374,BrE,,In vitro fertilisation,ICLE-ALEV-0006.8,,,626,39,256
375,375,BrE,,In vitro fertilisation,ICLE-ALEV-0007.8,,,545,42,225
376,376,BrE,,In vitro fertilisation,ICLE-ALEV-0008.8,,,516,30,198
377,377,BrE,,In vitro fertilisation,ICLE-ALEV-0009.8,,,359,22,149
378,378,BrE,,In vitro fertilisation,ICLE-ALEV-00010.8,,,587,22,231
379,379,BrE,,Genetic engineering,ICLE-ALEV-00011.8,,,643,29,276
380,380,BrE,,Should scientists bear the moral responsibility for their work?,ICLE-ALEV-0012.8,,,361,16,179
381,381,BrE,,Should scientists bear the moral responsibility for their work?,ICLE-ALEV-0013.8,,,509,23,218
382,382,BrE,,Genetic engineering,ICLE-ALEV-0014.8,,,934,30,333
383,383,BrE,,Genetic engineering,ICLE-ALEV-0015.8,,,281,15,158
384,384,BrE,,Genetic engineering,ICLE-ALEV-0016.8,,,638,27,301
385,385,BrE,,Genetic engineering,ICLE-ALEV-0017.8,,,532,27,217
386,386,BrE,,Should scientists bear the moral responsibility for their work?,ICLE-ALEV-0018.8,,,797,48,287
387,387,BrE,,Genetic engineering,ICLE-ALEV-0019.8,,,352,15,169
388,388,BrE,,Genetic engineering,ICLE-ALEV-0020.8,,,423,31,198
389,389,BrE,,Genetic engineering,ICLE-ALEV-0021.8,,,522,27,215
390,390,BrE,,Genetic engineering,ICLE-ALEV-0022.8,,,378,19,190
391,391,BrE,,Genetic engineering,ICLE-ALEV-0023.8,,,453,25,204
392,392,BrE,,Genetic engineering,ICLE-ALEV-0024.8,,,410,25,191
393,393,BrE,,Genetic engineering,ICLE-ALEV-0025.8,,,482,35,234
394,394,BrE,,Genetic engineering,ICLE-ALEV-0026.8,,,402,32,199
395,395,BrE,,Should scientists bear the moral responsibility for their work?,ICLE-ALEV-0027.8,,,503,30,221
396,396,BrE,,Teaching science in school,ICLE-ALEV-0028.8,,,485,25,211
397,397,BrE,,In vitro fertilisation,ICLE-ALEV-0029.8,,,776,38,260
398,398,BrE,,In vitro fertilisation,ICLE-ALEV-0030.8,,,775,51,253
399,399,BrE,,Has the invention of the computer made the human brain redundant?,ICLE-ALEV-0001.9,,,669,36,219
400,400,BrE,,Has the invention of the computer made the human brain redundant?,ICLE-ALEV-0002.9,,,755,41,288
401,401,BrE,,The consumption of beef in the UK,ICLE-ALEV-0003.9,,,766,40,303
402,402,BrE,,The consumption of beef in the UK,ICLE-ALEV-0004.9,,,502,30,184
403,403,BrE,,The consumption of beef in the UK,ICLE-ALEV-0005.9,,,299,16,145
404,404,BrE,,The consumption of beef in the UK,ICLE-ALEV-0006.9,,,499,26,239
405,405,BrE,,The consumption of beef in the UK,ICLE-ALEV-0007.9,,,331,14,160
406,406,BrE,,The consumption of beef in the UK,ICLE-ALEV-0008.9,,,451,23,198
407,407,BrE,,The consumption of beef in the UK,ICLE-ALEV-0009.9,,,356,18,189
408,408,BrE,,The consumption of beef in the UK,ICLE-ALEV-0010.9,,,467,25,197
409,409,BrE,,The consumption of beef in the UK,ICLE-ALEV-0011.9,,,810,44,263
410,410,BrE,,The consumption of beef in the UK,ICLE-ALEV-0012.9,,,451,27,187
411,411,BrE,,Has the invention of the computer made the human brain redundant?,ICLE-ALEV-0013.9,,,212,12,119
